pageid,fileNameAbsolut,fileNameRelative,fileLastModifiedTime,fileCreationTime,fileSizeInBytes,level,keywords,categories,description,categoriesList,section,sectionPathAbsoulte,sectionPathRelative,webadress,vorgelagerteSectionPage,nachgelagerteSectionPage,sectionIndex
07112020200718-Startseite,C:/DocTool/content/index.md,/index.md,Sat Nov  7 11:23:21 2020,Tue Nov  3 05:19:38 2020,329,0,"['index', ' welcome']","['index', ' welcome', ' nonDocu']",Hier die individuelle Beschreibung der Index-Seite aus dem Frontmatter,[],[],C:/DocTool/content/,/,https://jhc90.github.io/index.html,,07112020200718-About,https://jhc90.github.io/index.html
07112020200718-About,C:/DocTool/content/about.md,/about.md,Sat Nov  7 09:43:26 2020,Tue Nov  3 05:19:38 2020,1531,1,"['Roadmap', ' Motivation', ' Explaination']","['Roadmap', ' Motivation', ' Explaination']",Hier die Erklärung meiner Webseite,[],[],C:/DocTool/content/,/,https://jhc90.github.io/about.html,07112020200718-Startseite,,https://jhc90.github.io/index.html
07112020200718-MarkdownLanding,C:/DocTool/content/Docus/Auszeichnnungssprachen/Markdown/DestinationMarkDownCheatSheet.md,/Docus/Auszeichnnungssprachen/Markdown/DestinationMarkDownCheatSheet.md,Sat Nov  7 13:40:05 2020,Thu Nov  5 06:29:46 2020,12541,0,['Markdown'],[''],Diese Seite dient lediglich als Landingpage,"['Docus', 'Auszeichnnungssprachen', 'Markdown']",Markdown,C:/DocTool/content/Docus/Auszeichnnungssprachen/Markdown/,/Docus/Auszeichnnungssprachen/Markdown/,https://jhc90.github.io/Docus/Auszeichnnungssprachen/Markdown/DestinationMarkDownCheatSheet.html,,07112020200718-MarkdownLanding,https://jhc90.github.io/index.html
07112020200718-MarkdownLanding,C:/DocTool/content/Docus/Auszeichnnungssprachen/Markdown/MarkDownCheatSheet.md,/Docus/Auszeichnnungssprachen/Markdown/MarkDownCheatSheet.md,Sat Nov  7 13:40:00 2020,Thu Nov  5 06:29:46 2020,6198,1,['Markdown'],[''],Diese Seite dient lediglich als Landingpage,"['Docus', 'Auszeichnnungssprachen', 'Markdown']",Markdown,C:/DocTool/content/Docus/Auszeichnnungssprachen/Markdown/,/Docus/Auszeichnnungssprachen/Markdown/,https://jhc90.github.io/Docus/Auszeichnnungssprachen/Markdown/MarkDownCheatSheet.html,07112020200718-MarkdownLanding,,https://jhc90.github.io/index.html
0711202020-DS-Checkliste,C:/DocTool/content/Docus/DataScience/Checklist/Index-Checklist.md,/Docus/DataScience/Checklist/Index-Checklist.md,Sat Nov  7 11:23:55 2020,Wed Nov  4 17:38:30 2020,8000,0,"['Checklist', ' Landingpage']","['Data-Science', ' Checklist']",Hier eine detailierte Checkliste für DS-Projekte mit den entsprechenden Querverweisen zu meinen Notizen ,"['Docus', 'DataScience', 'Checklist']",Checklist,C:/DocTool/content/Docus/DataScience/Checklist/,/Docus/DataScience/Checklist/,https://jhc90.github.io/Docus/DataScience/Checklist/Index-Checklist.html,,,https://jhc90.github.io/index.html
07112020200718-BusinessObjectives,C:/DocTool/content/Docus/DataScience/Checklist/01-BigPicture/01_BusinessObejctives.md,/Docus/DataScience/Checklist/01-BigPicture/01_BusinessObejctives.md,Sat Nov  7 11:31:41 2020,Thu Nov  5 09:38:38 2020,771,0,"['Checkliste', ' Business-Objective']",[''],Hier geht es darum Business-Objective erstmalig zu beschreiben,"['Docus', 'DataScience', 'Checklist', '01-BigPicture']",01-BigPicture,C:/DocTool/content/Docus/DataScience/Checklist/01-BigPicture/,/Docus/DataScience/Checklist/01-BigPicture/,https://jhc90.github.io/Docus/DataScience/Checklist/01-BigPicture/01_BusinessObejctives.html,,07112020200718-Nutzung,https://jhc90.github.io/index.html
07112020200718-Nutzung,C:/DocTool/content/Docus/DataScience/Checklist/01-BigPicture/02_UseOfImplementation.md,/Docus/DataScience/Checklist/01-BigPicture/02_UseOfImplementation.md,Sat Nov  7 11:30:08 2020,Thu Nov  5 09:38:34 2020,884,1,"['Checkliste', ' Business-Objective']",[''],Hier geht es darum Business-Objective erstmalig zu beschreiben,"['Docus', 'DataScience', 'Checklist', '01-BigPicture']",01-BigPicture,C:/DocTool/content/Docus/DataScience/Checklist/01-BigPicture/,/Docus/DataScience/Checklist/01-BigPicture/,https://jhc90.github.io/Docus/DataScience/Checklist/01-BigPicture/02_UseOfImplementation.html,07112020200718-BusinessObjectives,07112020200718-CurrentSolutions,https://jhc90.github.io/index.html
07112020200718-CurrentSolutions,C:/DocTool/content/Docus/DataScience/Checklist/01-BigPicture/03_CurrentSolutions.md,/Docus/DataScience/Checklist/01-BigPicture/03_CurrentSolutions.md,Sat Nov  7 11:30:11 2020,Thu Nov  5 10:07:18 2020,399,2,"['Checkliste', ' Business-Objective']",[''],Hier geht es darum Business-Objective erstmalig zu beschreiben,"['Docus', 'DataScience', 'Checklist', '01-BigPicture']",01-BigPicture,C:/DocTool/content/Docus/DataScience/Checklist/01-BigPicture/,/Docus/DataScience/Checklist/01-BigPicture/,https://jhc90.github.io/Docus/DataScience/Checklist/01-BigPicture/03_CurrentSolutions.html,07112020200718-Nutzung,07112020200718-Detailed-DS-Framing,https://jhc90.github.io/index.html
07112020200718-Detailed-DS-Framing,C:/DocTool/content/Docus/DataScience/Checklist/01-BigPicture/04_ProbemFraming.md,/Docus/DataScience/Checklist/01-BigPicture/04_ProbemFraming.md,Sat Nov  7 11:30:15 2020,Thu Nov  5 10:07:45 2020,446,3,"['Checkliste', ' Business-Objective']",[''],Hier geht es darum Business-Objective erstmalig zu beschreiben,"['Docus', 'DataScience', 'Checklist', '01-BigPicture']",01-BigPicture,C:/DocTool/content/Docus/DataScience/Checklist/01-BigPicture/,/Docus/DataScience/Checklist/01-BigPicture/,https://jhc90.github.io/Docus/DataScience/Checklist/01-BigPicture/04_ProbemFraming.html,07112020200718-CurrentSolutions,07112020200718-PerformanceMeasure,https://jhc90.github.io/index.html
07112020200718-PerformanceMeasure,C:/DocTool/content/Docus/DataScience/Checklist/01-BigPicture/05_PerformanceMeasure.md,/Docus/DataScience/Checklist/01-BigPicture/05_PerformanceMeasure.md,Sat Nov  7 11:30:18 2020,Thu Nov  5 10:07:45 2020,486,4,"['Checkliste', ' Business-Objective']",[''],Hier geht es darum Business-Objective erstmalig zu beschreiben,"['Docus', 'DataScience', 'Checklist', '01-BigPicture']",01-BigPicture,C:/DocTool/content/Docus/DataScience/Checklist/01-BigPicture/,/Docus/DataScience/Checklist/01-BigPicture/,https://jhc90.github.io/Docus/DataScience/Checklist/01-BigPicture/05_PerformanceMeasure.html,07112020200718-Detailed-DS-Framing,07112020200718-PerformanceMeasureBusinessObjectives,https://jhc90.github.io/index.html
07112020200718-PerformanceMeasureBusinessObjectives,C:/DocTool/content/Docus/DataScience/Checklist/01-BigPicture/06_PerformanceMeasureBusinesObjective.md,/Docus/DataScience/Checklist/01-BigPicture/06_PerformanceMeasureBusinesObjective.md,Sat Nov  7 11:30:22 2020,Thu Nov  5 10:07:46 2020,486,5,"['Checkliste', ' Business-Objective']",[''],Hier geht es darum Business-Objective erstmalig zu beschreiben,"['Docus', 'DataScience', 'Checklist', '01-BigPicture']",01-BigPicture,C:/DocTool/content/Docus/DataScience/Checklist/01-BigPicture/,/Docus/DataScience/Checklist/01-BigPicture/,https://jhc90.github.io/Docus/DataScience/Checklist/01-BigPicture/06_PerformanceMeasureBusinesObjective.html,07112020200718-PerformanceMeasure,07112020200718-MinmumPerformance,https://jhc90.github.io/index.html
07112020200718-MinmumPerformance,C:/DocTool/content/Docus/DataScience/Checklist/01-BigPicture/07_MinimumPerformnace.md,/Docus/DataScience/Checklist/01-BigPicture/07_MinimumPerformnace.md,Sat Nov  7 11:31:02 2020,Thu Nov  5 10:07:46 2020,379,6,"['Checkliste', ' Business-Objective']",[''],Hier geht es darum Business-Objective erstmalig zu beschreiben,"['Docus', 'DataScience', 'Checklist', '01-BigPicture']",01-BigPicture,C:/DocTool/content/Docus/DataScience/Checklist/01-BigPicture/,/Docus/DataScience/Checklist/01-BigPicture/,https://jhc90.github.io/Docus/DataScience/Checklist/01-BigPicture/07_MinimumPerformnace.html,07112020200718-PerformanceMeasureBusinessObjectives,07112020200718-ComparableProblems,https://jhc90.github.io/index.html
07112020200718-ComparableProblems,C:/DocTool/content/Docus/DataScience/Checklist/01-BigPicture/08_ComparableProblems.md,/Docus/DataScience/Checklist/01-BigPicture/08_ComparableProblems.md,Sat Nov  7 11:30:59 2020,Thu Nov  5 10:07:47 2020,515,7,"['Checkliste', ' Business-Objective']",[''],Hier geht es darum Business-Objective erstmalig zu beschreiben,"['Docus', 'DataScience', 'Checklist', '01-BigPicture']",01-BigPicture,C:/DocTool/content/Docus/DataScience/Checklist/01-BigPicture/,/Docus/DataScience/Checklist/01-BigPicture/,https://jhc90.github.io/Docus/DataScience/Checklist/01-BigPicture/08_ComparableProblems.html,07112020200718-MinmumPerformance,07112020200718-HumanExpertise,https://jhc90.github.io/index.html
07112020200718-HumanExpertise,C:/DocTool/content/Docus/DataScience/Checklist/01-BigPicture/09_HumanExpertise.md,/Docus/DataScience/Checklist/01-BigPicture/09_HumanExpertise.md,Sat Nov  7 11:30:55 2020,Thu Nov  5 10:07:47 2020,353,8,"['Checkliste', ' Business-Objective']",[''],Hier geht es darum Business-Objective erstmalig zu beschreiben,"['Docus', 'DataScience', 'Checklist', '01-BigPicture']",01-BigPicture,C:/DocTool/content/Docus/DataScience/Checklist/01-BigPicture/,/Docus/DataScience/Checklist/01-BigPicture/,https://jhc90.github.io/Docus/DataScience/Checklist/01-BigPicture/09_HumanExpertise.html,07112020200718-ComparableProblems,07112020200718-CurrentSolutions,https://jhc90.github.io/index.html
07112020200718-CurrentSolutions,C:/DocTool/content/Docus/DataScience/Checklist/01-BigPicture/10_CurrentSolutions.md,/Docus/DataScience/Checklist/01-BigPicture/10_CurrentSolutions.md,Sat Nov  7 11:30:51 2020,Thu Nov  5 10:07:48 2020,315,9,"['Checkliste', ' Business-Objective']",[''],Hier geht es darum Business-Objective erstmalig zu beschreiben,"['Docus', 'DataScience', 'Checklist', '01-BigPicture']",01-BigPicture,C:/DocTool/content/Docus/DataScience/Checklist/01-BigPicture/,/Docus/DataScience/Checklist/01-BigPicture/,https://jhc90.github.io/Docus/DataScience/Checklist/01-BigPicture/10_CurrentSolutions.html,07112020200718-HumanExpertise,07112020200718-ListAssumptions,https://jhc90.github.io/index.html
07112020200718-ListAssumptions,C:/DocTool/content/Docus/DataScience/Checklist/01-BigPicture/11_List_Assumptions.md,/Docus/DataScience/Checklist/01-BigPicture/11_List_Assumptions.md,Sat Nov  7 11:30:48 2020,Thu Nov  5 10:07:48 2020,507,10,"['Checkliste', ' Business-Objective']",[''],Hier geht es darum Business-Objective erstmalig zu beschreiben,"['Docus', 'DataScience', 'Checklist', '01-BigPicture']",01-BigPicture,C:/DocTool/content/Docus/DataScience/Checklist/01-BigPicture/,/Docus/DataScience/Checklist/01-BigPicture/,https://jhc90.github.io/Docus/DataScience/Checklist/01-BigPicture/11_List_Assumptions.html,07112020200718-CurrentSolutions,07112020200718-VerifyAssumptions,https://jhc90.github.io/index.html
07112020200718-VerifyAssumptions,C:/DocTool/content/Docus/DataScience/Checklist/01-BigPicture/12-VerifyAssumptions.md,/Docus/DataScience/Checklist/01-BigPicture/12-VerifyAssumptions.md,Sat Nov  7 11:30:44 2020,Thu Nov  5 10:07:44 2020,443,11,"['Checkliste', ' Business-Objective']",[''],Hier geht es darum Business-Objective erstmalig zu beschreiben,"['Docus', 'DataScience', 'Checklist', '01-BigPicture']",01-BigPicture,C:/DocTool/content/Docus/DataScience/Checklist/01-BigPicture/,/Docus/DataScience/Checklist/01-BigPicture/,https://jhc90.github.io/Docus/DataScience/Checklist/01-BigPicture/12-VerifyAssumptions.html,07112020200718-ListAssumptions,,https://jhc90.github.io/index.html
,C:/DocTool/content/Docus/DataScience/Checklist/02_GetTheData/01_ListDataNeed.md,/Docus/DataScience/Checklist/02_GetTheData/01_ListDataNeed.md,Thu Nov  5 10:13:16 2020,Thu Nov  5 10:05:05 2020,2,0,[''],[''],,"['Docus', 'DataScience', 'Checklist', '02_GetTheData']",02_GetTheData,C:/DocTool/content/Docus/DataScience/Checklist/02_GetTheData/,/Docus/DataScience/Checklist/02_GetTheData/,https://jhc90.github.io/Docus/DataScience/Checklist/02_GetTheData/01_ListDataNeed.html,,,https://jhc90.github.io/index.html
,C:/DocTool/content/Docus/DataScience/Checklist/02_GetTheData/02_FindAndDocumentWhereToGetData.md,/Docus/DataScience/Checklist/02_GetTheData/02_FindAndDocumentWhereToGetData.md,Thu Nov  5 10:13:49 2020,Thu Nov  5 10:05:21 2020,2,1,[''],[''],,"['Docus', 'DataScience', 'Checklist', '02_GetTheData']",02_GetTheData,C:/DocTool/content/Docus/DataScience/Checklist/02_GetTheData/,/Docus/DataScience/Checklist/02_GetTheData/,https://jhc90.github.io/Docus/DataScience/Checklist/02_GetTheData/02_FindAndDocumentWhereToGetData.html,,,https://jhc90.github.io/index.html
,C:/DocTool/content/Docus/DataScience/Checklist/02_GetTheData/03_CheckSpaceForStorage.md,/Docus/DataScience/Checklist/02_GetTheData/03_CheckSpaceForStorage.md,Thu Nov  5 09:58:53 2020,Thu Nov  5 09:47:13 2020,256,2,[''],[''],,"['Docus', 'DataScience', 'Checklist', '02_GetTheData']",02_GetTheData,C:/DocTool/content/Docus/DataScience/Checklist/02_GetTheData/,/Docus/DataScience/Checklist/02_GetTheData/,https://jhc90.github.io/Docus/DataScience/Checklist/02_GetTheData/03_CheckSpaceForStorage.html,,,https://jhc90.github.io/index.html
,C:/DocTool/content/Docus/DataScience/Checklist/02_GetTheData/04.Legal-Obligations.md,/Docus/DataScience/Checklist/02_GetTheData/04.Legal-Obligations.md,Thu Nov  5 09:48:12 2020,Thu Nov  5 09:47:17 2020,0,3,[''],[''],,"['Docus', 'DataScience', 'Checklist', '02_GetTheData']",02_GetTheData,C:/DocTool/content/Docus/DataScience/Checklist/02_GetTheData/,/Docus/DataScience/Checklist/02_GetTheData/,https://jhc90.github.io/Docus/DataScience/Checklist/02_GetTheData/04.Legal-Obligations.html,,,https://jhc90.github.io/index.html
,C:/DocTool/content/Docus/DataScience/Checklist/02_GetTheData/05_GetAccessToData copy.md,/Docus/DataScience/Checklist/02_GetTheData/05_GetAccessToData copy.md,Thu Nov  5 10:13:22 2020,Thu Nov  5 10:05:04 2020,2,4,[''],[''],,"['Docus', 'DataScience', 'Checklist', '02_GetTheData']",02_GetTheData,C:/DocTool/content/Docus/DataScience/Checklist/02_GetTheData/,/Docus/DataScience/Checklist/02_GetTheData/,https://jhc90.github.io/Docus/DataScience/Checklist/02_GetTheData/05_GetAccessToData copy.html,,,https://jhc90.github.io/index.html
,C:/DocTool/content/Docus/DataScience/Checklist/02_GetTheData/05_GetAccessToData.md,/Docus/DataScience/Checklist/02_GetTheData/05_GetAccessToData.md,Thu Nov  5 10:13:24 2020,Thu Nov  5 09:47:17 2020,2,5,[''],[''],,"['Docus', 'DataScience', 'Checklist', '02_GetTheData']",02_GetTheData,C:/DocTool/content/Docus/DataScience/Checklist/02_GetTheData/,/Docus/DataScience/Checklist/02_GetTheData/,https://jhc90.github.io/Docus/DataScience/Checklist/02_GetTheData/05_GetAccessToData.html,,,https://jhc90.github.io/index.html
,C:/DocTool/content/Docus/DataScience/Checklist/02_GetTheData/06_CreateWorkspace.md,/Docus/DataScience/Checklist/02_GetTheData/06_CreateWorkspace.md,Thu Nov  5 09:59:43 2020,Thu Nov  5 09:47:14 2020,129,6,[''],[''],,"['Docus', 'DataScience', 'Checklist', '02_GetTheData']",02_GetTheData,C:/DocTool/content/Docus/DataScience/Checklist/02_GetTheData/,/Docus/DataScience/Checklist/02_GetTheData/,https://jhc90.github.io/Docus/DataScience/Checklist/02_GetTheData/06_CreateWorkspace.html,,,https://jhc90.github.io/index.html
,C:/DocTool/content/Docus/DataScience/Checklist/02_GetTheData/07_GetData.md,/Docus/DataScience/Checklist/02_GetTheData/07_GetData.md,Thu Nov  5 10:01:25 2020,Thu Nov  5 09:47:14 2020,221,7,[''],[''],,"['Docus', 'DataScience', 'Checklist', '02_GetTheData']",02_GetTheData,C:/DocTool/content/Docus/DataScience/Checklist/02_GetTheData/,/Docus/DataScience/Checklist/02_GetTheData/,https://jhc90.github.io/Docus/DataScience/Checklist/02_GetTheData/07_GetData.html,,,https://jhc90.github.io/index.html
,C:/DocTool/content/Docus/DataScience/Checklist/02_GetTheData/08_ConvertDataToWokringFile.md,/Docus/DataScience/Checklist/02_GetTheData/08_ConvertDataToWokringFile.md,Thu Nov  5 09:49:53 2020,Thu Nov  5 09:47:14 2020,0,8,[''],[''],,"['Docus', 'DataScience', 'Checklist', '02_GetTheData']",02_GetTheData,C:/DocTool/content/Docus/DataScience/Checklist/02_GetTheData/,/Docus/DataScience/Checklist/02_GetTheData/,https://jhc90.github.io/Docus/DataScience/Checklist/02_GetTheData/08_ConvertDataToWokringFile.html,,,https://jhc90.github.io/index.html
,C:/DocTool/content/Docus/DataScience/Checklist/02_GetTheData/09_SensbileDaten.md,/Docus/DataScience/Checklist/02_GetTheData/09_SensbileDaten.md,Thu Nov  5 09:50:15 2020,Thu Nov  5 09:47:15 2020,0,9,[''],[''],,"['Docus', 'DataScience', 'Checklist', '02_GetTheData']",02_GetTheData,C:/DocTool/content/Docus/DataScience/Checklist/02_GetTheData/,/Docus/DataScience/Checklist/02_GetTheData/,https://jhc90.github.io/Docus/DataScience/Checklist/02_GetTheData/09_SensbileDaten.html,,,https://jhc90.github.io/index.html
,C:/DocTool/content/Docus/DataScience/Checklist/02_GetTheData/10_CheckSizeAndType.md,/Docus/DataScience/Checklist/02_GetTheData/10_CheckSizeAndType.md,Thu Nov  5 09:50:52 2020,Thu Nov  5 09:47:15 2020,0,10,[''],[''],,"['Docus', 'DataScience', 'Checklist', '02_GetTheData']",02_GetTheData,C:/DocTool/content/Docus/DataScience/Checklist/02_GetTheData/,/Docus/DataScience/Checklist/02_GetTheData/,https://jhc90.github.io/Docus/DataScience/Checklist/02_GetTheData/10_CheckSizeAndType.html,,,https://jhc90.github.io/index.html
,C:/DocTool/content/Docus/DataScience/Checklist/02_GetTheData/11_SampleTestTrainValidation.md,/Docus/DataScience/Checklist/02_GetTheData/11_SampleTestTrainValidation.md,Thu Nov  5 09:52:08 2020,Thu Nov  5 09:47:15 2020,0,11,[''],[''],,"['Docus', 'DataScience', 'Checklist', '02_GetTheData']",02_GetTheData,C:/DocTool/content/Docus/DataScience/Checklist/02_GetTheData/,/Docus/DataScience/Checklist/02_GetTheData/,https://jhc90.github.io/Docus/DataScience/Checklist/02_GetTheData/11_SampleTestTrainValidation.html,,,https://jhc90.github.io/index.html
,C:/DocTool/content/Docus/DataScience/Praxis/Beispiel-Projekte-handsonml/interim.md,/Docus/DataScience/Praxis/Beispiel-Projekte-handsonml/interim.md,Thu Nov  5 10:42:27 2020,Wed Nov  4 16:56:33 2020,48,0,[''],[''],,"['Docus', 'DataScience', 'Praxis', 'Beispiel-Projekte-handsonml']",Beispiel-Projekte-handsonml,C:/DocTool/content/Docus/DataScience/Praxis/Beispiel-Projekte-handsonml/,/Docus/DataScience/Praxis/Beispiel-Projekte-handsonml/,https://jhc90.github.io/Docus/DataScience/Praxis/Beispiel-Projekte-handsonml/interim.html,,07112020200718JupyterML,https://jhc90.github.io/index.html
07112020200718JupyterML,C:/DocTool/content/Docus/DataScience/Praxis/Beispiel-Projekte-handsonml/01_the_machine_learning_landscape.md,/Docus/DataScience/Praxis/Beispiel-Projekte-handsonml/01_the_machine_learning_landscape.md,Mon Nov  9 13:04:08 2020,Sat Nov  7 08:35:45 2020,485055,1,['Basic-Notebook'],['Jupyter-Notebook'],Hier die individuelle Beschreibung der Index-Seite aus dem Frontmatter,"['Docus', 'DataScience', 'Praxis', 'Beispiel-Projekte-handsonml']",Beispiel-Projekte-handsonml,C:/DocTool/content/Docus/DataScience/Praxis/Beispiel-Projekte-handsonml/,/Docus/DataScience/Praxis/Beispiel-Projekte-handsonml/,https://jhc90.github.io/Docus/DataScience/Praxis/Beispiel-Projekte-handsonml/01_the_machine_learning_landscape.html,,07112020200718JupyterML,https://jhc90.github.io/index.html
07112020200718JupyterML,C:/DocTool/content/Docus/DataScience/Praxis/Beispiel-Projekte-handsonml/02_California_Housing_Regression.md,/Docus/DataScience/Praxis/Beispiel-Projekte-handsonml/02_California_Housing_Regression.md,Mon Nov  9 13:04:21 2020,Sat Nov  7 08:35:50 2020,67102677,2,"['Regression', ' EDA', ' ']",[''],Hier die individuelle Beschreibung der Index-Seite aus dem Frontmatter,"['Docus', 'DataScience', 'Praxis', 'Beispiel-Projekte-handsonml']",Beispiel-Projekte-handsonml,C:/DocTool/content/Docus/DataScience/Praxis/Beispiel-Projekte-handsonml/,/Docus/DataScience/Praxis/Beispiel-Projekte-handsonml/,https://jhc90.github.io/Docus/DataScience/Praxis/Beispiel-Projekte-handsonml/02_California_Housing_Regression.html,07112020200718JupyterML,,https://jhc90.github.io/index.html
,C:/DocTool/content/Docus/DataScience/Praxis/Beispiel-Projekte-handsonml/.ipynb_checkpoints/01_the_machine_learning_landscape-checkpoint.md,/Docus/DataScience/Praxis/Beispiel-Projekte-handsonml/.ipynb_checkpoints/01_the_machine_learning_landscape-checkpoint.md,Mon Nov  9 13:04:23 2020,Tue Nov  3 05:19:38 2020,390155,0,[''],[''],,"['Docus', 'DataScience', 'Praxis', 'Beispiel-Projekte-handsonml', '.ipynb_checkpoints']",.ipynb_checkpoints,C:/DocTool/content/Docus/DataScience/Praxis/Beispiel-Projekte-handsonml/.ipynb_checkpoints/,/Docus/DataScience/Praxis/Beispiel-Projekte-handsonml/.ipynb_checkpoints/,https://jhc90.github.io/Docus/DataScience/Praxis/Beispiel-Projekte-handsonml/.ipynb_checkpoints/01_the_machine_learning_landscape-checkpoint.html,,,https://jhc90.github.io/index.html
,C:/DocTool/content/Docus/DataScience/Praxis/Beispiel-Projekte-handsonml/.ipynb_checkpoints/02_California_Housing_Regression-checkpoint.md,/Docus/DataScience/Praxis/Beispiel-Projekte-handsonml/.ipynb_checkpoints/02_California_Housing_Regression-checkpoint.md,Mon Nov  9 13:04:26 2020,Sat Nov  7 08:35:58 2020,1681668,1,[''],[''],,"['Docus', 'DataScience', 'Praxis', 'Beispiel-Projekte-handsonml', '.ipynb_checkpoints']",.ipynb_checkpoints,C:/DocTool/content/Docus/DataScience/Praxis/Beispiel-Projekte-handsonml/.ipynb_checkpoints/,/Docus/DataScience/Praxis/Beispiel-Projekte-handsonml/.ipynb_checkpoints/,https://jhc90.github.io/Docus/DataScience/Praxis/Beispiel-Projekte-handsonml/.ipynb_checkpoints/02_California_Housing_Regression-checkpoint.html,,,https://jhc90.github.io/index.html
,C:/DocTool/content/Docus/DataScience/Praxis/Beispiel-Projekte-handsonml/datasets/housing/README.md,/Docus/DataScience/Praxis/Beispiel-Projekte-handsonml/datasets/housing/README.md,Tue Nov  3 05:19:38 2020,Tue Nov  3 05:19:38 2020,3680,0,[''],[''],,"['Docus', 'DataScience', 'Praxis', 'Beispiel-Projekte-handsonml', 'datasets', 'housing']",housing,C:/DocTool/content/Docus/DataScience/Praxis/Beispiel-Projekte-handsonml/datasets/housing/,/Docus/DataScience/Praxis/Beispiel-Projekte-handsonml/datasets/housing/,https://jhc90.github.io/Docus/DataScience/Praxis/Beispiel-Projekte-handsonml/datasets/housing/README.html,,,https://jhc90.github.io/index.html
,C:/DocTool/content/Docus/DataScience/Praxis/Beispiel-Projekte-handsonml/datasets/lifesat/README.md,/Docus/DataScience/Praxis/Beispiel-Projekte-handsonml/datasets/lifesat/README.md,Tue Nov  3 05:19:38 2020,Tue Nov  3 05:19:38 2020,4311,0,[''],[''],,"['Docus', 'DataScience', 'Praxis', 'Beispiel-Projekte-handsonml', 'datasets', 'lifesat']",lifesat,C:/DocTool/content/Docus/DataScience/Praxis/Beispiel-Projekte-handsonml/datasets/lifesat/,/Docus/DataScience/Praxis/Beispiel-Projekte-handsonml/datasets/lifesat/,https://jhc90.github.io/Docus/DataScience/Praxis/Beispiel-Projekte-handsonml/datasets/lifesat/README.html,,,https://jhc90.github.io/index.html
,C:/DocTool/content/Docus/DataScience/Theorie/001_Algorithmen.md,/Docus/DataScience/Theorie/001_Algorithmen.md,Thu Nov  5 09:01:56 2020,Wed Nov  4 17:00:07 2020,407,0,[''],[''],,"['Docus', 'DataScience', 'Theorie']",Theorie,C:/DocTool/content/Docus/DataScience/Theorie/,/Docus/DataScience/Theorie/,https://jhc90.github.io/Docus/DataScience/Theorie/001_Algorithmen.html,,,https://jhc90.github.io/index.html
,C:/DocTool/content/Docus/DataScience/Theorie/001_Data.md,/Docus/DataScience/Theorie/001_Data.md,Thu Nov  5 09:02:16 2020,Thu Nov  5 08:17:15 2020,1650,1,[''],[''],,"['Docus', 'DataScience', 'Theorie']",Theorie,C:/DocTool/content/Docus/DataScience/Theorie/,/Docus/DataScience/Theorie/,https://jhc90.github.io/Docus/DataScience/Theorie/001_Data.html,,,https://jhc90.github.io/index.html
,C:/DocTool/content/Docus/DataScience/Theorie/002_Generalisierung.md,/Docus/DataScience/Theorie/002_Generalisierung.md,Thu Nov  5 08:33:56 2020,Thu Nov  5 08:32:39 2020,268,2,[''],[''],,"['Docus', 'DataScience', 'Theorie']",Theorie,C:/DocTool/content/Docus/DataScience/Theorie/,/Docus/DataScience/Theorie/,https://jhc90.github.io/Docus/DataScience/Theorie/002_Generalisierung.html,,,https://jhc90.github.io/index.html
,C:/DocTool/content/Docus/DataScience/Theorie/003_Parameter.md,/Docus/DataScience/Theorie/003_Parameter.md,Thu Nov  5 08:56:43 2020,Thu Nov  5 08:34:35 2020,1658,3,[''],[''],,"['Docus', 'DataScience', 'Theorie']",Theorie,C:/DocTool/content/Docus/DataScience/Theorie/,/Docus/DataScience/Theorie/,https://jhc90.github.io/Docus/DataScience/Theorie/003_Parameter.html,,,https://jhc90.github.io/index.html
,C:/DocTool/content/Docus/DataScience/Theorie/004_Validatione-Strategies.md,/Docus/DataScience/Theorie/004_Validatione-Strategies.md,Thu Nov  5 08:39:04 2020,Thu Nov  5 08:38:45 2020,258,4,[''],[''],,"['Docus', 'DataScience', 'Theorie']",Theorie,C:/DocTool/content/Docus/DataScience/Theorie/,/Docus/DataScience/Theorie/,https://jhc90.github.io/Docus/DataScience/Theorie/004_Validatione-Strategies.html,,,https://jhc90.github.io/index.html
,C:/DocTool/content/Docus/DataScience/Theorie/005_PerformanceMeasure.md,/Docus/DataScience/Theorie/005_PerformanceMeasure.md,Thu Nov  5 10:29:54 2020,Thu Nov  5 10:24:47 2020,95,5,[''],[''],,"['Docus', 'DataScience', 'Theorie']",Theorie,C:/DocTool/content/Docus/DataScience/Theorie/,/Docus/DataScience/Theorie/,https://jhc90.github.io/Docus/DataScience/Theorie/005_PerformanceMeasure.html,,,https://jhc90.github.io/index.html
,C:/DocTool/content/Docus/DataScience/Theorie/000_AI_ML_DL.md,/Docus/DataScience/Theorie/000_AI_ML_DL.md,Tue Nov  3 05:19:38 2020,Tue Nov  3 05:19:38 2020,4619,6,"['AI', ' KI', ' DS', ' ML', ' DL', ' welcome']","['Data-Science', ' Theorie']",hier der theoretische First-Touch für die Berührung mit dem Thema Data_Science,"['Docus', 'DataScience', 'Theorie']",Theorie,C:/DocTool/content/Docus/DataScience/Theorie/,/Docus/DataScience/Theorie/,https://jhc90.github.io/Docus/DataScience/Theorie/000_AI_ML_DL.html,,,https://jhc90.github.io/index.html
,C:/DocTool/content/Docus/Informatik/Grundbegriffe/Binary.md,/Docus/Informatik/Grundbegriffe/Binary.md,Tue Nov  3 05:19:38 2020,Tue Nov  3 05:19:38 2020,611,0,[''],[''],,"['Docus', 'Informatik', 'Grundbegriffe']",Grundbegriffe,C:/DocTool/content/Docus/Informatik/Grundbegriffe/,/Docus/Informatik/Grundbegriffe/,https://jhc90.github.io/Docus/Informatik/Grundbegriffe/Binary.html,,,https://jhc90.github.io/index.html
,C:/DocTool/content/Docus/Informatik/Grundbegriffe/BinaryFile.md,/Docus/Informatik/Grundbegriffe/BinaryFile.md,Tue Nov  3 05:19:38 2020,Tue Nov  3 05:19:38 2020,46,1,[''],[''],,"['Docus', 'Informatik', 'Grundbegriffe']",Grundbegriffe,C:/DocTool/content/Docus/Informatik/Grundbegriffe/,/Docus/Informatik/Grundbegriffe/,https://jhc90.github.io/Docus/Informatik/Grundbegriffe/BinaryFile.html,,,https://jhc90.github.io/index.html
,C:/DocTool/content/Docus/Informatik/Grundbegriffe/TextFile.md,/Docus/Informatik/Grundbegriffe/TextFile.md,Tue Nov  3 05:19:38 2020,Tue Nov  3 05:19:38 2020,108,2,[''],[''],,"['Docus', 'Informatik', 'Grundbegriffe']",Grundbegriffe,C:/DocTool/content/Docus/Informatik/Grundbegriffe/,/Docus/Informatik/Grundbegriffe/,https://jhc90.github.io/Docus/Informatik/Grundbegriffe/TextFile.html,,,https://jhc90.github.io/index.html
,C:/DocTool/content/Docus/Informatik/Grundbegriffe/DateiFormate/csv.md,/Docus/Informatik/Grundbegriffe/DateiFormate/csv.md,Tue Nov  3 05:19:38 2020,Tue Nov  3 05:19:38 2020,0,0,[''],[''],,"['Docus', 'Informatik', 'Grundbegriffe', 'DateiFormate']",DateiFormate,C:/DocTool/content/Docus/Informatik/Grundbegriffe/DateiFormate/,/Docus/Informatik/Grundbegriffe/DateiFormate/,https://jhc90.github.io/Docus/Informatik/Grundbegriffe/DateiFormate/csv.html,,,https://jhc90.github.io/index.html
,C:/DocTool/content/Docus/Informatik/Grundbegriffe/DateiFormate/json.md,/Docus/Informatik/Grundbegriffe/DateiFormate/json.md,Tue Nov  3 05:19:38 2020,Tue Nov  3 05:19:38 2020,0,1,[''],[''],,"['Docus', 'Informatik', 'Grundbegriffe', 'DateiFormate']",DateiFormate,C:/DocTool/content/Docus/Informatik/Grundbegriffe/DateiFormate/,/Docus/Informatik/Grundbegriffe/DateiFormate/,https://jhc90.github.io/Docus/Informatik/Grundbegriffe/DateiFormate/json.html,,,https://jhc90.github.io/index.html
,C:/DocTool/content/Docus/Informatik/Grundbegriffe/DateiFormate/toml.md,/Docus/Informatik/Grundbegriffe/DateiFormate/toml.md,Tue Nov  3 05:19:38 2020,Tue Nov  3 05:19:38 2020,261,2,[''],[''],,"['Docus', 'Informatik', 'Grundbegriffe', 'DateiFormate']",DateiFormate,C:/DocTool/content/Docus/Informatik/Grundbegriffe/DateiFormate/,/Docus/Informatik/Grundbegriffe/DateiFormate/,https://jhc90.github.io/Docus/Informatik/Grundbegriffe/DateiFormate/toml.html,,,https://jhc90.github.io/index.html
,C:/DocTool/content/Docus/Informatik/Operating-Informatik/Windows/Path-Variable.md,/Docus/Informatik/Operating-Informatik/Windows/Path-Variable.md,Tue Nov  3 05:19:38 2020,Tue Nov  3 05:19:38 2020,898,0,[''],[''],,"['Docus', 'Informatik', 'Operating-Informatik', 'Windows']",Windows,C:/DocTool/content/Docus/Informatik/Operating-Informatik/Windows/,/Docus/Informatik/Operating-Informatik/Windows/,https://jhc90.github.io/Docus/Informatik/Operating-Informatik/Windows/Path-Variable.html,,,https://jhc90.github.io/index.html
,C:/DocTool/content/Docus/Informatik/Operating-Informatik/Windows/PathWindows.md,/Docus/Informatik/Operating-Informatik/Windows/PathWindows.md,Tue Nov  3 05:19:38 2020,Tue Nov  3 05:19:38 2020,46,1,[''],[''],,"['Docus', 'Informatik', 'Operating-Informatik', 'Windows']",Windows,C:/DocTool/content/Docus/Informatik/Operating-Informatik/Windows/,/Docus/Informatik/Operating-Informatik/Windows/,https://jhc90.github.io/Docus/Informatik/Operating-Informatik/Windows/PathWindows.html,,,https://jhc90.github.io/index.html
09112020-0745-PcWeltHotKeys,C:/DocTool/content/Docus/Informatik/Operating-Informatik/Windows/Tools/PC-WELTHotKeys/Intro.md,/Docus/Informatik/Operating-Informatik/Windows/Tools/PC-WELTHotKeys/Intro.md,Mon Nov  9 07:49:20 2020,Mon Nov  9 07:28:46 2020,986,0,"['Batch', ' Automation', ' Tastenkombination', ' ']",['Automation'],Beschreibung eines Tools mit welchem sich in Windows globale und lokale Tastenkombinationen verwalten lassen,"['Docus', 'Informatik', 'Operating-Informatik', 'Windows', 'Tools', 'PC-WELTHotKeys']",PC-WELTHotKeys,C:/DocTool/content/Docus/Informatik/Operating-Informatik/Windows/Tools/PC-WELTHotKeys/,/Docus/Informatik/Operating-Informatik/Windows/Tools/PC-WELTHotKeys/,https://jhc90.github.io/Docus/Informatik/Operating-Informatik/Windows/Tools/PC-WELTHotKeys/Intro.html,,,https://jhc90.github.io/index.html
,C:/DocTool/content/Docus/Informatik/Operating-Systeme/Windows/Path-Variable.md,/Docus/Informatik/Operating-Systeme/Windows/Path-Variable.md,Tue Nov  3 17:42:49 2020,Tue Nov  3 05:19:38 2020,990,0,[''],[''],,"['Docus', 'Informatik', 'Operating-Systeme', 'Windows']",Windows,C:/DocTool/content/Docus/Informatik/Operating-Systeme/Windows/,/Docus/Informatik/Operating-Systeme/Windows/,https://jhc90.github.io/Docus/Informatik/Operating-Systeme/Windows/Path-Variable.html,,,https://jhc90.github.io/index.html
,C:/DocTool/content/Docus/Informatik/Operating-Systeme/Windows/PathWindows.md,/Docus/Informatik/Operating-Systeme/Windows/PathWindows.md,Tue Nov  3 05:19:38 2020,Tue Nov  3 05:19:38 2020,46,1,[''],[''],,"['Docus', 'Informatik', 'Operating-Systeme', 'Windows']",Windows,C:/DocTool/content/Docus/Informatik/Operating-Systeme/Windows/,/Docus/Informatik/Operating-Systeme/Windows/,https://jhc90.github.io/Docus/Informatik/Operating-Systeme/Windows/PathWindows.html,,,https://jhc90.github.io/index.html
,C:/DocTool/content/Docus/Informatik/Programmieren/Grundbegriffe-Programmieren/KompilierenInterpretieren.md,/Docus/Informatik/Programmieren/Grundbegriffe-Programmieren/KompilierenInterpretieren.md,Tue Nov  3 05:19:38 2020,Tue Nov  3 05:19:38 2020,306,0,[''],[''],,"['Docus', 'Informatik', 'Programmieren', 'Grundbegriffe-Programmieren']",Grundbegriffe-Programmieren,C:/DocTool/content/Docus/Informatik/Programmieren/Grundbegriffe-Programmieren/,/Docus/Informatik/Programmieren/Grundbegriffe-Programmieren/,https://jhc90.github.io/Docus/Informatik/Programmieren/Grundbegriffe-Programmieren/KompilierenInterpretieren.html,,,https://jhc90.github.io/index.html
,C:/DocTool/content/Docus/Informatik/Programmieren/Grundbegriffe-Programmieren/Programmiersprachen.md,/Docus/Informatik/Programmieren/Grundbegriffe-Programmieren/Programmiersprachen.md,Tue Nov  3 05:19:38 2020,Tue Nov  3 05:19:38 2020,360,1,[''],[''],,"['Docus', 'Informatik', 'Programmieren', 'Grundbegriffe-Programmieren']",Grundbegriffe-Programmieren,C:/DocTool/content/Docus/Informatik/Programmieren/Grundbegriffe-Programmieren/,/Docus/Informatik/Programmieren/Grundbegriffe-Programmieren/,https://jhc90.github.io/Docus/Informatik/Programmieren/Grundbegriffe-Programmieren/Programmiersprachen.html,,,https://jhc90.github.io/index.html
,C:/DocTool/content/Docus/Informatik/Programmieren/Grundbegriffe-Programmieren/Typisierung.md,/Docus/Informatik/Programmieren/Grundbegriffe-Programmieren/Typisierung.md,Tue Nov  3 05:19:38 2020,Tue Nov  3 05:19:38 2020,588,2,[''],[''],,"['Docus', 'Informatik', 'Programmieren', 'Grundbegriffe-Programmieren']",Grundbegriffe-Programmieren,C:/DocTool/content/Docus/Informatik/Programmieren/Grundbegriffe-Programmieren/,/Docus/Informatik/Programmieren/Grundbegriffe-Programmieren/,https://jhc90.github.io/Docus/Informatik/Programmieren/Grundbegriffe-Programmieren/Typisierung.html,,,https://jhc90.github.io/index.html
,C:/DocTool/content/Docus/Informatik/Programmieren/Python/Bibliotheken/PythonVisualisirungen-Overview.md,/Docus/Informatik/Programmieren/Python/Bibliotheken/PythonVisualisirungen-Overview.md,Thu Nov  5 08:10:09 2020,Thu Nov  5 08:07:46 2020,456,0,[''],[''],,"['Docus', 'Informatik', 'Programmieren', 'Python', 'Bibliotheken']",Bibliotheken,C:/DocTool/content/Docus/Informatik/Programmieren/Python/Bibliotheken/,/Docus/Informatik/Programmieren/Python/Bibliotheken/,https://jhc90.github.io/Docus/Informatik/Programmieren/Python/Bibliotheken/PythonVisualisirungen-Overview.html,,,https://jhc90.github.io/index.html
,C:/DocTool/content/Docus/Informatik/Programmieren/Python/Bibliotheken/Matplotlib/interim.md,/Docus/Informatik/Programmieren/Python/Bibliotheken/Matplotlib/interim.md,Thu Nov  5 08:46:49 2020,Thu Nov  5 07:56:21 2020,97,0,[''],[''],,"['Docus', 'Informatik', 'Programmieren', 'Python', 'Bibliotheken', 'Matplotlib']",Matplotlib,C:/DocTool/content/Docus/Informatik/Programmieren/Python/Bibliotheken/Matplotlib/,/Docus/Informatik/Programmieren/Python/Bibliotheken/Matplotlib/,https://jhc90.github.io/Docus/Informatik/Programmieren/Python/Bibliotheken/Matplotlib/interim.html,,,https://jhc90.github.io/index.html
,C:/DocTool/content/Docus/Informatik/Programmieren/Python/Bibliotheken/Matplotlib/Matplotlib.md,/Docus/Informatik/Programmieren/Python/Bibliotheken/Matplotlib/Matplotlib.md,Mon Nov  9 13:04:29 2020,Thu Nov  5 11:17:55 2020,1010567,1,[''],[''],,"['Docus', 'Informatik', 'Programmieren', 'Python', 'Bibliotheken', 'Matplotlib']",Matplotlib,C:/DocTool/content/Docus/Informatik/Programmieren/Python/Bibliotheken/Matplotlib/,/Docus/Informatik/Programmieren/Python/Bibliotheken/Matplotlib/,https://jhc90.github.io/Docus/Informatik/Programmieren/Python/Bibliotheken/Matplotlib/Matplotlib.html,,,https://jhc90.github.io/index.html
,C:/DocTool/content/Docus/Informatik/Programmieren/Python/Bibliotheken/Numpy/NumpyOverview.md,/Docus/Informatik/Programmieren/Python/Bibliotheken/Numpy/NumpyOverview.md,Mon Nov  9 13:04:31 2020,Thu Nov  5 11:17:58 2020,369859,0,[''],[''],,"['Docus', 'Informatik', 'Programmieren', 'Python', 'Bibliotheken', 'Numpy']",Numpy,C:/DocTool/content/Docus/Informatik/Programmieren/Python/Bibliotheken/Numpy/,/Docus/Informatik/Programmieren/Python/Bibliotheken/Numpy/,https://jhc90.github.io/Docus/Informatik/Programmieren/Python/Bibliotheken/Numpy/NumpyOverview.html,,,https://jhc90.github.io/index.html
,C:/DocTool/content/Docus/Informatik/Programmieren/Python/Bibliotheken/Pandas/Packet_VectorMatrix_pandas.md,/Docus/Informatik/Programmieren/Python/Bibliotheken/Pandas/Packet_VectorMatrix_pandas.md,Mon Nov  9 13:04:35 2020,Thu Nov  5 11:18:01 2020,892314,0,[''],[''],,"['Docus', 'Informatik', 'Programmieren', 'Python', 'Bibliotheken', 'Pandas']",Pandas,C:/DocTool/content/Docus/Informatik/Programmieren/Python/Bibliotheken/Pandas/,/Docus/Informatik/Programmieren/Python/Bibliotheken/Pandas/,https://jhc90.github.io/Docus/Informatik/Programmieren/Python/Bibliotheken/Pandas/Packet_VectorMatrix_pandas.html,,,https://jhc90.github.io/index.html
,C:/DocTool/content/Docus/Informatik/Programmieren/Python/Bibliotheken/Pandas/Packet_Visualisierung_Pandas.md,/Docus/Informatik/Programmieren/Python/Bibliotheken/Pandas/Packet_Visualisierung_Pandas.md,Mon Nov  9 13:04:37 2020,Thu Nov  5 11:18:04 2020,627402,1,[''],[''],,"['Docus', 'Informatik', 'Programmieren', 'Python', 'Bibliotheken', 'Pandas']",Pandas,C:/DocTool/content/Docus/Informatik/Programmieren/Python/Bibliotheken/Pandas/,/Docus/Informatik/Programmieren/Python/Bibliotheken/Pandas/,https://jhc90.github.io/Docus/Informatik/Programmieren/Python/Bibliotheken/Pandas/Packet_Visualisierung_Pandas.html,,,https://jhc90.github.io/index.html
,C:/DocTool/content/Docus/Informatik/Programmieren/Python/Bibliotheken/Selenium/01_InstallationSlenium.md,/Docus/Informatik/Programmieren/Python/Bibliotheken/Selenium/01_InstallationSlenium.md,Mon Nov  9 13:04:39 2020,Wed Nov  4 12:59:38 2020,289899,0,[''],[''],,"['Docus', 'Informatik', 'Programmieren', 'Python', 'Bibliotheken', 'Selenium']",Selenium,C:/DocTool/content/Docus/Informatik/Programmieren/Python/Bibliotheken/Selenium/,/Docus/Informatik/Programmieren/Python/Bibliotheken/Selenium/,https://jhc90.github.io/Docus/Informatik/Programmieren/Python/Bibliotheken/Selenium/01_InstallationSlenium.html,,,https://jhc90.github.io/index.html
,C:/DocTool/content/Docus/Informatik/Programmieren/Python/Bibliotheken/Selenium/02_Selenium-Basic-Interaction.md,/Docus/Informatik/Programmieren/Python/Bibliotheken/Selenium/02_Selenium-Basic-Interaction.md,Mon Nov  9 13:04:40 2020,Wed Nov  4 12:59:40 2020,323949,1,[''],[''],,"['Docus', 'Informatik', 'Programmieren', 'Python', 'Bibliotheken', 'Selenium']",Selenium,C:/DocTool/content/Docus/Informatik/Programmieren/Python/Bibliotheken/Selenium/,/Docus/Informatik/Programmieren/Python/Bibliotheken/Selenium/,https://jhc90.github.io/Docus/Informatik/Programmieren/Python/Bibliotheken/Selenium/02_Selenium-Basic-Interaction.html,,,https://jhc90.github.io/index.html
,C:/DocTool/content/Docus/Informatik/Programmieren/Python/Bibliotheken/Selenium/03_SeleniumUnittest.md,/Docus/Informatik/Programmieren/Python/Bibliotheken/Selenium/03_SeleniumUnittest.md,Mon Nov  9 13:04:42 2020,Wed Nov  4 12:59:42 2020,318775,2,[''],[''],,"['Docus', 'Informatik', 'Programmieren', 'Python', 'Bibliotheken', 'Selenium']",Selenium,C:/DocTool/content/Docus/Informatik/Programmieren/Python/Bibliotheken/Selenium/,/Docus/Informatik/Programmieren/Python/Bibliotheken/Selenium/,https://jhc90.github.io/Docus/Informatik/Programmieren/Python/Bibliotheken/Selenium/03_SeleniumUnittest.html,,,https://jhc90.github.io/index.html
,C:/DocTool/content/Docus/Informatik/Programmieren/Python/Bibliotheken/Selenium/04_Selenium.md,/Docus/Informatik/Programmieren/Python/Bibliotheken/Selenium/04_Selenium.md,Mon Nov  9 13:04:44 2020,Wed Nov  4 12:59:44 2020,318767,3,[''],[''],,"['Docus', 'Informatik', 'Programmieren', 'Python', 'Bibliotheken', 'Selenium']",Selenium,C:/DocTool/content/Docus/Informatik/Programmieren/Python/Bibliotheken/Selenium/,/Docus/Informatik/Programmieren/Python/Bibliotheken/Selenium/,https://jhc90.github.io/Docus/Informatik/Programmieren/Python/Bibliotheken/Selenium/04_Selenium.html,,,https://jhc90.github.io/index.html
,C:/DocTool/content/Docus/Informatik/Programmieren/Python/Bibliotheken/Selenium/SeleniumTutorial.md,/Docus/Informatik/Programmieren/Python/Bibliotheken/Selenium/SeleniumTutorial.md,Mon Nov  9 13:04:46 2020,Wed Nov  4 12:59:46 2020,323219,4,[''],[''],,"['Docus', 'Informatik', 'Programmieren', 'Python', 'Bibliotheken', 'Selenium']",Selenium,C:/DocTool/content/Docus/Informatik/Programmieren/Python/Bibliotheken/Selenium/,/Docus/Informatik/Programmieren/Python/Bibliotheken/Selenium/,https://jhc90.github.io/Docus/Informatik/Programmieren/Python/Bibliotheken/Selenium/SeleniumTutorial.html,,,https://jhc90.github.io/index.html
,C:/DocTool/content/Docus/Informatik/Programmieren/Python/Bibliotheken/Selenium/testfile.md,/Docus/Informatik/Programmieren/Python/Bibliotheken/Selenium/testfile.md,Tue Nov  3 17:44:17 2020,Tue Nov  3 17:41:20 2020,67,5,[''],[''],,"['Docus', 'Informatik', 'Programmieren', 'Python', 'Bibliotheken', 'Selenium']",Selenium,C:/DocTool/content/Docus/Informatik/Programmieren/Python/Bibliotheken/Selenium/,/Docus/Informatik/Programmieren/Python/Bibliotheken/Selenium/,https://jhc90.github.io/Docus/Informatik/Programmieren/Python/Bibliotheken/Selenium/testfile.html,,,https://jhc90.github.io/index.html
,C:/DocTool/content/Docus/Informatik/Programmieren/Python/Bibliotheken/Selenium/.ipynb_checkpoints/01_InstallationSlenium-checkpoint.md,/Docus/Informatik/Programmieren/Python/Bibliotheken/Selenium/.ipynb_checkpoints/01_InstallationSlenium-checkpoint.md,Mon Nov  9 13:04:48 2020,Tue Nov  3 17:54:37 2020,289910,0,[''],[''],,"['Docus', 'Informatik', 'Programmieren', 'Python', 'Bibliotheken', 'Selenium', '.ipynb_checkpoints']",.ipynb_checkpoints,C:/DocTool/content/Docus/Informatik/Programmieren/Python/Bibliotheken/Selenium/.ipynb_checkpoints/,/Docus/Informatik/Programmieren/Python/Bibliotheken/Selenium/.ipynb_checkpoints/,https://jhc90.github.io/Docus/Informatik/Programmieren/Python/Bibliotheken/Selenium/.ipynb_checkpoints/01_InstallationSlenium-checkpoint.html,,,https://jhc90.github.io/index.html
,C:/DocTool/content/Docus/Informatik/Programmieren/Python/Bibliotheken/Selenium/.ipynb_checkpoints/SeleniumTutorial-checkpoint.md,/Docus/Informatik/Programmieren/Python/Bibliotheken/Selenium/.ipynb_checkpoints/SeleniumTutorial-checkpoint.md,Mon Nov  9 13:04:51 2020,Tue Nov  3 17:54:40 2020,332065,1,[''],[''],,"['Docus', 'Informatik', 'Programmieren', 'Python', 'Bibliotheken', 'Selenium', '.ipynb_checkpoints']",.ipynb_checkpoints,C:/DocTool/content/Docus/Informatik/Programmieren/Python/Bibliotheken/Selenium/.ipynb_checkpoints/,/Docus/Informatik/Programmieren/Python/Bibliotheken/Selenium/.ipynb_checkpoints/,https://jhc90.github.io/Docus/Informatik/Programmieren/Python/Bibliotheken/Selenium/.ipynb_checkpoints/SeleniumTutorial-checkpoint.html,,,https://jhc90.github.io/index.html
,C:/DocTool/content/Docus/Informatik/Programmieren/Python/Bibliotheken/SK-Learn/Packet_ML_SK-Learn.md,/Docus/Informatik/Programmieren/Python/Bibliotheken/SK-Learn/Packet_ML_SK-Learn.md,Mon Nov  9 13:04:53 2020,Thu Nov  5 11:18:20 2020,334058,0,[''],[''],,"['Docus', 'Informatik', 'Programmieren', 'Python', 'Bibliotheken', 'SK-Learn']",SK-Learn,C:/DocTool/content/Docus/Informatik/Programmieren/Python/Bibliotheken/SK-Learn/,/Docus/Informatik/Programmieren/Python/Bibliotheken/SK-Learn/,https://jhc90.github.io/Docus/Informatik/Programmieren/Python/Bibliotheken/SK-Learn/Packet_ML_SK-Learn.html,,,https://jhc90.github.io/index.html
,C:/DocTool/content/Docus/Informatik/Programmieren/Python/Bibliotheken/SK-Learn/SK-Learn.md,/Docus/Informatik/Programmieren/Python/Bibliotheken/SK-Learn/SK-Learn.md,Mon Nov  9 13:04:56 2020,Thu Nov  5 11:18:23 2020,333871,1,[''],[''],,"['Docus', 'Informatik', 'Programmieren', 'Python', 'Bibliotheken', 'SK-Learn']",SK-Learn,C:/DocTool/content/Docus/Informatik/Programmieren/Python/Bibliotheken/SK-Learn/,/Docus/Informatik/Programmieren/Python/Bibliotheken/SK-Learn/,https://jhc90.github.io/Docus/Informatik/Programmieren/Python/Bibliotheken/SK-Learn/SK-Learn.html,,,https://jhc90.github.io/index.html
,C:/DocTool/content/Docus/Informatik/Programmieren/Python/Lösungen/00_DatenBeschaffung-Download.md,/Docus/Informatik/Programmieren/Python/Lösungen/00_DatenBeschaffung-Download.md,Mon Nov  9 13:05:01 2020,Thu Nov  5 11:18:25 2020,298291,0,[''],[''],,"['Docus', 'Informatik', 'Programmieren', 'Python', 'Lösungen']",Lösungen,C:/DocTool/content/Docus/Informatik/Programmieren/Python/Lösungen/,/Docus/Informatik/Programmieren/Python/Lösungen/,https://jhc90.github.io/Docus/Informatik/Programmieren/Python/Lösungen/00_DatenBeschaffung-Download.html,,,https://jhc90.github.io/index.html
,C:/DocTool/content/Docus/Informatik/Programmieren/Python/Lösungen/0_DatenBeschaffung-Download.md,/Docus/Informatik/Programmieren/Python/Lösungen/0_DatenBeschaffung-Download.md,Mon Nov  9 13:05:04 2020,Thu Nov  5 11:18:27 2020,295928,1,[''],[''],,"['Docus', 'Informatik', 'Programmieren', 'Python', 'Lösungen']",Lösungen,C:/DocTool/content/Docus/Informatik/Programmieren/Python/Lösungen/,/Docus/Informatik/Programmieren/Python/Lösungen/,https://jhc90.github.io/Docus/Informatik/Programmieren/Python/Lösungen/0_DatenBeschaffung-Download.html,,,https://jhc90.github.io/index.html
,C:/DocTool/content/Docus/Informatik/Programmieren/Python/Lösungen/10_DatenEinlesen.md,/Docus/Informatik/Programmieren/Python/Lösungen/10_DatenEinlesen.md,Mon Nov  9 13:05:07 2020,Thu Nov  5 11:18:29 2020,300084,2,[''],[''],,"['Docus', 'Informatik', 'Programmieren', 'Python', 'Lösungen']",Lösungen,C:/DocTool/content/Docus/Informatik/Programmieren/Python/Lösungen/,/Docus/Informatik/Programmieren/Python/Lösungen/,https://jhc90.github.io/Docus/Informatik/Programmieren/Python/Lösungen/10_DatenEinlesen.html,,,https://jhc90.github.io/index.html
,C:/DocTool/content/Docus/Informatik/Programmieren/Python/Lösungen/20_DatenFirstCheck_NA-WerteSichten_Duplikate.md,/Docus/Informatik/Programmieren/Python/Lösungen/20_DatenFirstCheck_NA-WerteSichten_Duplikate.md,Mon Nov  9 13:05:09 2020,Thu Nov  5 11:18:31 2020,346644,3,[''],[''],,"['Docus', 'Informatik', 'Programmieren', 'Python', 'Lösungen']",Lösungen,C:/DocTool/content/Docus/Informatik/Programmieren/Python/Lösungen/,/Docus/Informatik/Programmieren/Python/Lösungen/,https://jhc90.github.io/Docus/Informatik/Programmieren/Python/Lösungen/20_DatenFirstCheck_NA-WerteSichten_Duplikate.html,,,https://jhc90.github.io/index.html
,C:/DocTool/content/Docus/Informatik/Programmieren/Python/Lösungen/test.md,/Docus/Informatik/Programmieren/Python/Lösungen/test.md,Thu Nov  5 06:08:12 2020,Thu Nov  5 06:08:12 2020,0,4,[''],[''],,"['Docus', 'Informatik', 'Programmieren', 'Python', 'Lösungen']",Lösungen,C:/DocTool/content/Docus/Informatik/Programmieren/Python/Lösungen/,/Docus/Informatik/Programmieren/Python/Lösungen/,https://jhc90.github.io/Docus/Informatik/Programmieren/Python/Lösungen/test.html,,,https://jhc90.github.io/index.html
,C:/DocTool/content/Docus/Informatik/Programmieren/Python/PyhonInteraktion/Jupyter-Notebook-VSC.md,/Docus/Informatik/Programmieren/Python/PyhonInteraktion/Jupyter-Notebook-VSC.md,Tue Nov  3 18:57:16 2020,Tue Nov  3 18:10:16 2020,432,0,[''],[''],,"['Docus', 'Informatik', 'Programmieren', 'Python', 'PyhonInteraktion']",PyhonInteraktion,C:/DocTool/content/Docus/Informatik/Programmieren/Python/PyhonInteraktion/,/Docus/Informatik/Programmieren/Python/PyhonInteraktion/,https://jhc90.github.io/Docus/Informatik/Programmieren/Python/PyhonInteraktion/Jupyter-Notebook-VSC.html,,,https://jhc90.github.io/index.html
,C:/DocTool/content/Docus/Informatik/Tools/Dokumentation/DocumenationsToolsOverview.md,/Docus/Informatik/Tools/Dokumentation/DocumenationsToolsOverview.md,Thu Nov  5 10:12:58 2020,Thu Nov  5 10:12:37 2020,40,0,[''],[''],,"['Docus', 'Informatik', 'Tools', 'Dokumentation']",Dokumentation,C:/DocTool/content/Docus/Informatik/Tools/Dokumentation/,/Docus/Informatik/Tools/Dokumentation/,https://jhc90.github.io/Docus/Informatik/Tools/Dokumentation/DocumenationsToolsOverview.html,,,https://jhc90.github.io/index.html
,C:/DocTool/content/Docus/Informatik/Tools/Dokumentation/Git/0_Git-Installation.md,/Docus/Informatik/Tools/Dokumentation/Git/0_Git-Installation.md,Tue Nov  3 05:19:38 2020,Tue Nov  3 05:19:38 2020,1100,0,[''],[''],,"['Docus', 'Informatik', 'Tools', 'Dokumentation', 'Git']",Git,C:/DocTool/content/Docus/Informatik/Tools/Dokumentation/Git/,/Docus/Informatik/Tools/Dokumentation/Git/,https://jhc90.github.io/Docus/Informatik/Tools/Dokumentation/Git/0_Git-Installation.html,,,https://jhc90.github.io/index.html
,C:/DocTool/content/Docus/Informatik/Tools/Dokumentation/Git/Git-Workflows.md,/Docus/Informatik/Tools/Dokumentation/Git/Git-Workflows.md,Tue Nov  3 05:19:38 2020,Tue Nov  3 05:19:38 2020,13655,1,[''],[''],,"['Docus', 'Informatik', 'Tools', 'Dokumentation', 'Git']",Git,C:/DocTool/content/Docus/Informatik/Tools/Dokumentation/Git/,/Docus/Informatik/Tools/Dokumentation/Git/,https://jhc90.github.io/Docus/Informatik/Tools/Dokumentation/Git/Git-Workflows.html,,,https://jhc90.github.io/index.html
,C:/DocTool/content/Docus/Informatik/Tools/Dokumentation/Git/10_Git_Branches/GitCheckoutVsReset.md,/Docus/Informatik/Tools/Dokumentation/Git/10_Git_Branches/GitCheckoutVsReset.md,Tue Nov  3 05:19:38 2020,Tue Nov  3 05:19:38 2020,176,0,[''],[''],,"['Docus', 'Informatik', 'Tools', 'Dokumentation', 'Git', '10_Git_Branches']",10_Git_Branches,C:/DocTool/content/Docus/Informatik/Tools/Dokumentation/Git/10_Git_Branches/,/Docus/Informatik/Tools/Dokumentation/Git/10_Git_Branches/,https://jhc90.github.io/Docus/Informatik/Tools/Dokumentation/Git/10_Git_Branches/GitCheckoutVsReset.html,,,https://jhc90.github.io/index.html
,C:/DocTool/content/Docus/Informatik/Tools/Dokumentation/Git/10_Git_Branches/GitMerge.md,/Docus/Informatik/Tools/Dokumentation/Git/10_Git_Branches/GitMerge.md,Tue Nov  3 05:19:38 2020,Tue Nov  3 05:19:38 2020,619,1,[''],[''],,"['Docus', 'Informatik', 'Tools', 'Dokumentation', 'Git', '10_Git_Branches']",10_Git_Branches,C:/DocTool/content/Docus/Informatik/Tools/Dokumentation/Git/10_Git_Branches/,/Docus/Informatik/Tools/Dokumentation/Git/10_Git_Branches/,https://jhc90.github.io/Docus/Informatik/Tools/Dokumentation/Git/10_Git_Branches/GitMerge.html,,,https://jhc90.github.io/index.html
,C:/DocTool/content/Docus/Informatik/Tools/Dokumentation/Git/10_Git_Branches/00_GitBranchesOverview.md,/Docus/Informatik/Tools/Dokumentation/Git/10_Git_Branches/00_GitBranchesOverview.md,Tue Nov  3 17:14:27 2020,Tue Nov  3 05:19:38 2020,1152,2,"['git', ' branch']",[''],Hier wird das Konzept von Git-Branches in den Grundzügen erklärt,"['Docus', 'Informatik', 'Tools', 'Dokumentation', 'Git', '10_Git_Branches']",10_Git_Branches,C:/DocTool/content/Docus/Informatik/Tools/Dokumentation/Git/10_Git_Branches/,/Docus/Informatik/Tools/Dokumentation/Git/10_Git_Branches/,https://jhc90.github.io/Docus/Informatik/Tools/Dokumentation/Git/10_Git_Branches/00_GitBranchesOverview.html,,,https://jhc90.github.io/index.html
,C:/DocTool/content/Docus/Informatik/Tools/Dokumentation/Git/10_Git_Branches/10_GitBranchWechseln.md,/Docus/Informatik/Tools/Dokumentation/Git/10_Git_Branches/10_GitBranchWechseln.md,Tue Nov  3 17:14:15 2020,Tue Nov  3 17:02:35 2020,464,3,"['git', ' branch', ' checkout']",[''],Hier wird das Wechseln zwischen loaklen Branches erklärt,"['Docus', 'Informatik', 'Tools', 'Dokumentation', 'Git', '10_Git_Branches']",10_Git_Branches,C:/DocTool/content/Docus/Informatik/Tools/Dokumentation/Git/10_Git_Branches/,/Docus/Informatik/Tools/Dokumentation/Git/10_Git_Branches/,https://jhc90.github.io/Docus/Informatik/Tools/Dokumentation/Git/10_Git_Branches/10_GitBranchWechseln.html,,,https://jhc90.github.io/index.html
,C:/DocTool/content/Docus/Informatik/Tools/Dokumentation/Git/10_Git_Branches/20_GitBranchAnzeigen.md,/Docus/Informatik/Tools/Dokumentation/Git/10_Git_Branches/20_GitBranchAnzeigen.md,Tue Nov  3 17:02:43 2020,Tue Nov  3 05:19:38 2020,521,4,"['git', ' branch', ' branch -a']",[''],Hier wird das Anzeigen von Git Branches lokal und remote innerhalb des CLI erklärt,"['Docus', 'Informatik', 'Tools', 'Dokumentation', 'Git', '10_Git_Branches']",10_Git_Branches,C:/DocTool/content/Docus/Informatik/Tools/Dokumentation/Git/10_Git_Branches/,/Docus/Informatik/Tools/Dokumentation/Git/10_Git_Branches/,https://jhc90.github.io/Docus/Informatik/Tools/Dokumentation/Git/10_Git_Branches/20_GitBranchAnzeigen.html,,,https://jhc90.github.io/index.html
,C:/DocTool/content/Docus/Informatik/Tools/Dokumentation/Git/10_Git_Branches/30_GitCheckout-Localbranch.md,/Docus/Informatik/Tools/Dokumentation/Git/10_Git_Branches/30_GitCheckout-Localbranch.md,Tue Nov  3 17:16:12 2020,Tue Nov  3 05:19:38 2020,2379,5,"['git', ' branch', ' localBranch', ' checkout -b']",[''],Hier wird erklärt wie ein Branch erstellt und genutzt wird,"['Docus', 'Informatik', 'Tools', 'Dokumentation', 'Git', '10_Git_Branches']",10_Git_Branches,C:/DocTool/content/Docus/Informatik/Tools/Dokumentation/Git/10_Git_Branches/,/Docus/Informatik/Tools/Dokumentation/Git/10_Git_Branches/,https://jhc90.github.io/Docus/Informatik/Tools/Dokumentation/Git/10_Git_Branches/30_GitCheckout-Localbranch.html,,,https://jhc90.github.io/index.html
,C:/DocTool/content/Docus/Informatik/Tools/Dokumentation/Git/10_Git_Branches/40_GitCheckout-Remotebranch.md,/Docus/Informatik/Tools/Dokumentation/Git/10_Git_Branches/40_GitCheckout-Remotebranch.md,Tue Nov  3 17:19:06 2020,Tue Nov  3 16:51:54 2020,1697,6,"['git', ' branch', ' remoteBranch']",[''],Hier wird das Anzeigen von Git Branches lokal und remote innerhalb des CLI erklärt,"['Docus', 'Informatik', 'Tools', 'Dokumentation', 'Git', '10_Git_Branches']",10_Git_Branches,C:/DocTool/content/Docus/Informatik/Tools/Dokumentation/Git/10_Git_Branches/,/Docus/Informatik/Tools/Dokumentation/Git/10_Git_Branches/,https://jhc90.github.io/Docus/Informatik/Tools/Dokumentation/Git/10_Git_Branches/40_GitCheckout-Remotebranch.html,,,https://jhc90.github.io/index.html
,C:/DocTool/content/Docus/Informatik/Tools/Dokumentation/Git/10_Git_Branches/50_GitBranchesMerge.md,/Docus/Informatik/Tools/Dokumentation/Git/10_Git_Branches/50_GitBranchesMerge.md,Tue Nov  3 17:18:50 2020,Tue Nov  3 05:19:38 2020,875,7,"['git', ' branch', ' mergeBranches']",[''],Hier wird das Mergen von Git Branches lokal und remote innerhalb des CLI erklärt,"['Docus', 'Informatik', 'Tools', 'Dokumentation', 'Git', '10_Git_Branches']",10_Git_Branches,C:/DocTool/content/Docus/Informatik/Tools/Dokumentation/Git/10_Git_Branches/,/Docus/Informatik/Tools/Dokumentation/Git/10_Git_Branches/,https://jhc90.github.io/Docus/Informatik/Tools/Dokumentation/Git/10_Git_Branches/50_GitBranchesMerge.html,,,https://jhc90.github.io/index.html
,C:/DocTool/content/Docus/Informatik/Tools/Dokumentation/Git/10_Git_Branches/60_GitBranchDelete.md,/Docus/Informatik/Tools/Dokumentation/Git/10_Git_Branches/60_GitBranchDelete.md,Tue Nov  3 17:17:44 2020,Tue Nov  3 05:19:38 2020,656,8,"['git', ' branch', ' deleteBranch']",[''],Hier wird das Löschen von Git Branches lokal innerhalb der CLI erklärt,"['Docus', 'Informatik', 'Tools', 'Dokumentation', 'Git', '10_Git_Branches']",10_Git_Branches,C:/DocTool/content/Docus/Informatik/Tools/Dokumentation/Git/10_Git_Branches/,/Docus/Informatik/Tools/Dokumentation/Git/10_Git_Branches/,https://jhc90.github.io/Docus/Informatik/Tools/Dokumentation/Git/10_Git_Branches/60_GitBranchDelete.html,,,https://jhc90.github.io/index.html
,C:/DocTool/content/Docus/Informatik/Tools/Dokumentation/VS-Code/ExampleVsCode.md,/Docus/Informatik/Tools/Dokumentation/VS-Code/ExampleVsCode.md,Mon Nov  9 13:05:12 2020,Wed Nov  4 12:59:52 2020,289104,0,[''],[''],,"['Docus', 'Informatik', 'Tools', 'Dokumentation', 'VS-Code']",VS-Code,C:/DocTool/content/Docus/Informatik/Tools/Dokumentation/VS-Code/,/Docus/Informatik/Tools/Dokumentation/VS-Code/,https://jhc90.github.io/Docus/Informatik/Tools/Dokumentation/VS-Code/ExampleVsCode.html,,,https://jhc90.github.io/index.html
,C:/DocTool/content/Docus/Informatik/Tools/Dokumentation/VS-Code/VS-Code-Landing.md,/Docus/Informatik/Tools/Dokumentation/VS-Code/VS-Code-Landing.md,Tue Nov  3 19:34:39 2020,Tue Nov  3 18:03:28 2020,733,1,[''],[''],,"['Docus', 'Informatik', 'Tools', 'Dokumentation', 'VS-Code']",VS-Code,C:/DocTool/content/Docus/Informatik/Tools/Dokumentation/VS-Code/,/Docus/Informatik/Tools/Dokumentation/VS-Code/,https://jhc90.github.io/Docus/Informatik/Tools/Dokumentation/VS-Code/VS-Code-Landing.html,,,https://jhc90.github.io/index.html
091120200813-Basics,C:/DocTool/content/Docus/Informatik/Web-Development/CSS/01_CSS_Basics.md,/Docus/Informatik/Web-Development/CSS/01_CSS_Basics.md,Mon Nov  9 08:13:30 2020,Tue Nov  3 05:19:38 2020,2743,0,"['CSS', ' Basics']",[''],"Hier ein Überblick über die CSS-Basics, ein Beispiel was damit erstellt werden kann","['Docus', 'Informatik', 'Web-Development', 'CSS']",CSS,C:/DocTool/content/Docus/Informatik/Web-Development/CSS/,/Docus/Informatik/Web-Development/CSS/,https://jhc90.github.io/Docus/Informatik/Web-Development/CSS/01_CSS_Basics.html,,091120200814-IDsKlassen,https://jhc90.github.io/index.html
091120200814-IDsKlassen,C:/DocTool/content/Docus/Informatik/Web-Development/CSS/02_CSS_KlassenIds.md,/Docus/Informatik/Web-Development/CSS/02_CSS_KlassenIds.md,Mon Nov  9 08:14:32 2020,Tue Nov  3 05:19:38 2020,1091,1,"['CSS', ' IDs', ' Classes']",[''],Hier eine kurze Einführung zu Ids und Klassen im Kontext von CSS,"['Docus', 'Informatik', 'Web-Development', 'CSS']",CSS,C:/DocTool/content/Docus/Informatik/Web-Development/CSS/,/Docus/Informatik/Web-Development/CSS/,https://jhc90.github.io/Docus/Informatik/Web-Development/CSS/02_CSS_KlassenIds.html,091120200813-Basics,091120200814-Colors,https://jhc90.github.io/index.html
091120200814-Colors,C:/DocTool/content/Docus/Informatik/Web-Development/CSS/03_CSS_DIV_boxes.md,/Docus/Informatik/Web-Development/CSS/03_CSS_DIV_boxes.md,Mon Nov  9 08:17:59 2020,Tue Nov  3 05:19:38 2020,1014,2,"['CSS', ' Div', ' Div-Boxen']",[''],Hier eine Einführung zu Div-Boxen im Kontext von CSS,"['Docus', 'Informatik', 'Web-Development', 'CSS']",CSS,C:/DocTool/content/Docus/Informatik/Web-Development/CSS/,/Docus/Informatik/Web-Development/CSS/,https://jhc90.github.io/Docus/Informatik/Web-Development/CSS/03_CSS_DIV_boxes.html,091120200814-IDsKlassen,091120200841-Colors,https://jhc90.github.io/index.html
091120200841-Colors,C:/DocTool/content/Docus/Informatik/Web-Development/CSS/04_Farben.md,/Docus/Informatik/Web-Development/CSS/04_Farben.md,Mon Nov  9 08:41:17 2020,Tue Nov  3 05:19:38 2020,957,3,"['CSS', ' Farben']",[''],Hier eine Einführung zu Farben in der Wenentwicklung,"['Docus', 'Informatik', 'Web-Development', 'CSS']",CSS,C:/DocTool/content/Docus/Informatik/Web-Development/CSS/,/Docus/Informatik/Web-Development/CSS/,https://jhc90.github.io/Docus/Informatik/Web-Development/CSS/04_Farben.html,091120200814-Colors,091120200841-Floating,https://jhc90.github.io/index.html
091120200841-Floating,C:/DocTool/content/Docus/Informatik/Web-Development/CSS/05_Floating.md,/Docus/Informatik/Web-Development/CSS/05_Floating.md,Mon Nov  9 08:42:49 2020,Tue Nov  3 05:19:38 2020,1854,4,"['CSS', ' Floating']",[''],Hier eine Einführung zu Floating in der Wenentwicklung,"['Docus', 'Informatik', 'Web-Development', 'CSS']",CSS,C:/DocTool/content/Docus/Informatik/Web-Development/CSS/,/Docus/Informatik/Web-Development/CSS/,https://jhc90.github.io/Docus/Informatik/Web-Development/CSS/05_Floating.html,091120200841-Colors,091120200841-Posttion,https://jhc90.github.io/index.html
091120200841-Posttion,C:/DocTool/content/Docus/Informatik/Web-Development/CSS/06_Position.md,/Docus/Informatik/Web-Development/CSS/06_Position.md,Mon Nov  9 08:43:28 2020,Tue Nov  3 05:19:38 2020,2492,5,"['CSS', ' Posttion']",[''],Hier eine Einführung zu Posttion in der Webentwicklung,"['Docus', 'Informatik', 'Web-Development', 'CSS']",CSS,C:/DocTool/content/Docus/Informatik/Web-Development/CSS/,/Docus/Informatik/Web-Development/CSS/,https://jhc90.github.io/Docus/Informatik/Web-Development/CSS/06_Position.html,091120200841-Floating,091120200841-MarginsPaddings,https://jhc90.github.io/index.html
091120200841-MarginsPaddings,C:/DocTool/content/Docus/Informatik/Web-Development/CSS/07_MarginsPadding.md,/Docus/Informatik/Web-Development/CSS/07_MarginsPadding.md,Mon Nov  9 08:43:41 2020,Tue Nov  3 05:19:38 2020,1965,6,"['CSS', ' MarginsPaddings']",[''],Hier eine Einführung zu MarginsPaddings in der Wenentwicklung,"['Docus', 'Informatik', 'Web-Development', 'CSS']",CSS,C:/DocTool/content/Docus/Informatik/Web-Development/CSS/,/Docus/Informatik/Web-Development/CSS/,https://jhc90.github.io/Docus/Informatik/Web-Development/CSS/07_MarginsPadding.html,091120200841-Posttion,091120200841-Fonts,https://jhc90.github.io/index.html
091120200841-Fonts,C:/DocTool/content/Docus/Informatik/Web-Development/CSS/08_FontsTextStyling.md,/Docus/Informatik/Web-Development/CSS/08_FontsTextStyling.md,Mon Nov  9 08:44:06 2020,Tue Nov  3 05:19:38 2020,1056,7,"['CSS', ' Fonts', ' Schriftarten']",[''],Hier eine Einführung zu Schriftarten in der Wenentwicklung,"['Docus', 'Informatik', 'Web-Development', 'CSS']",CSS,C:/DocTool/content/Docus/Informatik/Web-Development/CSS/,/Docus/Informatik/Web-Development/CSS/,https://jhc90.github.io/Docus/Informatik/Web-Development/CSS/08_FontsTextStyling.html,091120200841-MarginsPaddings,,https://jhc90.github.io/index.html
,C:/DocTool/content/Docus/Informatik/Web-Development/Grundbegriffe-Webentwicklung/Tag.md,/Docus/Informatik/Web-Development/Grundbegriffe-Webentwicklung/Tag.md,Tue Nov  3 05:19:38 2020,Tue Nov  3 05:19:38 2020,152,0,[''],[''],,"['Docus', 'Informatik', 'Web-Development', 'Grundbegriffe-Webentwicklung']",Grundbegriffe-Webentwicklung,C:/DocTool/content/Docus/Informatik/Web-Development/Grundbegriffe-Webentwicklung/,/Docus/Informatik/Web-Development/Grundbegriffe-Webentwicklung/,https://jhc90.github.io/Docus/Informatik/Web-Development/Grundbegriffe-Webentwicklung/Tag.html,,,https://jhc90.github.io/index.html
091120200845-HTML-Basics,C:/DocTool/content/Docus/Informatik/Web-Development/HTML/01-HTML-Grundlagen.md,/Docus/Informatik/Web-Development/HTML/01-HTML-Grundlagen.md,Mon Nov  9 08:45:31 2020,Tue Nov  3 05:19:38 2020,1627,0,"['HTML', ' Basics']",[''],"Hier ein Überblick über die HTML-Basics, ein Beispiel was damit erstellt werden kann","['Docus', 'Informatik', 'Web-Development', 'HTML']",HTML,C:/DocTool/content/Docus/Informatik/Web-Development/HTML/,/Docus/Informatik/Web-Development/HTML/,https://jhc90.github.io/Docus/Informatik/Web-Development/HTML/01-HTML-Grundlagen.html,,091120200845-HTML-implementieurngen,https://jhc90.github.io/index.html
091120200845-HTML-implementieurngen,C:/DocTool/content/Docus/Informatik/Web-Development/HTML/02-HTML-TextEingaben.md,/Docus/Informatik/Web-Development/HTML/02-HTML-TextEingaben.md,Mon Nov  9 08:47:48 2020,Tue Nov  3 05:19:38 2020,3501,1,"['HTML', ' Basics']",[''],Hier ein Überblick üebr die HTML Implementierungen,"['Docus', 'Informatik', 'Web-Development', 'HTML']",HTML,C:/DocTool/content/Docus/Informatik/Web-Development/HTML/,/Docus/Informatik/Web-Development/HTML/,https://jhc90.github.io/Docus/Informatik/Web-Development/HTML/02-HTML-TextEingaben.html,091120200845-HTML-Basics,,https://jhc90.github.io/index.html
,C:/DocTool/content/Docus/Informatik/Web-Development/JavaScript/00_JS_Basics.md,/Docus/Informatik/Web-Development/JavaScript/00_JS_Basics.md,Tue Nov  3 05:19:38 2020,Tue Nov  3 05:19:38 2020,651,0,[''],[''],,"['Docus', 'Informatik', 'Web-Development', 'JavaScript']",JavaScript,C:/DocTool/content/Docus/Informatik/Web-Development/JavaScript/,/Docus/Informatik/Web-Development/JavaScript/,https://jhc90.github.io/Docus/Informatik/Web-Development/JavaScript/00_JS_Basics.html,,,https://jhc90.github.io/index.html
,C:/DocTool/content/Docus/Informatik/Web-Development/JavaScript/01_JS_Einbinden.md,/Docus/Informatik/Web-Development/JavaScript/01_JS_Einbinden.md,Tue Nov  3 05:19:38 2020,Tue Nov  3 05:19:38 2020,1075,1,[''],[''],,"['Docus', 'Informatik', 'Web-Development', 'JavaScript']",JavaScript,C:/DocTool/content/Docus/Informatik/Web-Development/JavaScript/,/Docus/Informatik/Web-Development/JavaScript/,https://jhc90.github.io/Docus/Informatik/Web-Development/JavaScript/01_JS_Einbinden.html,,,https://jhc90.github.io/index.html
,C:/DocTool/content/Docus/Informatik/Web-Development/JavaScript/02_JS_HTML_Element_Zugriff.md,/Docus/Informatik/Web-Development/JavaScript/02_JS_HTML_Element_Zugriff.md,Tue Nov  3 05:19:38 2020,Tue Nov  3 05:19:38 2020,1722,2,[''],[''],,"['Docus', 'Informatik', 'Web-Development', 'JavaScript']",JavaScript,C:/DocTool/content/Docus/Informatik/Web-Development/JavaScript/,/Docus/Informatik/Web-Development/JavaScript/,https://jhc90.github.io/Docus/Informatik/Web-Development/JavaScript/02_JS_HTML_Element_Zugriff.html,,,https://jhc90.github.io/index.html
,C:/DocTool/content/Docus/Informatik/Web-Development/JavaScript/03_JS_CSS_Element_Zugriff copy.md,/Docus/Informatik/Web-Development/JavaScript/03_JS_CSS_Element_Zugriff copy.md,Tue Nov  3 05:19:38 2020,Tue Nov  3 05:19:38 2020,825,3,[''],[''],,"['Docus', 'Informatik', 'Web-Development', 'JavaScript']",JavaScript,C:/DocTool/content/Docus/Informatik/Web-Development/JavaScript/,/Docus/Informatik/Web-Development/JavaScript/,https://jhc90.github.io/Docus/Informatik/Web-Development/JavaScript/03_JS_CSS_Element_Zugriff copy.html,,,https://jhc90.github.io/index.html
,C:/DocTool/content/Docus/Informatik/Web-Development/JavaScript/04_JS_Variablen.md,/Docus/Informatik/Web-Development/JavaScript/04_JS_Variablen.md,Tue Nov  3 05:19:38 2020,Tue Nov  3 05:19:38 2020,1371,4,[''],[''],,"['Docus', 'Informatik', 'Web-Development', 'JavaScript']",JavaScript,C:/DocTool/content/Docus/Informatik/Web-Development/JavaScript/,/Docus/Informatik/Web-Development/JavaScript/,https://jhc90.github.io/Docus/Informatik/Web-Development/JavaScript/04_JS_Variablen.html,,,https://jhc90.github.io/index.html
,C:/DocTool/content/Docus/Informatik/Web-Development/JavaScript/05_JS_.md,/Docus/Informatik/Web-Development/JavaScript/05_JS_.md,Tue Nov  3 05:19:38 2020,Tue Nov  3 05:19:38 2020,1387,5,[''],[''],,"['Docus', 'Informatik', 'Web-Development', 'JavaScript']",JavaScript,C:/DocTool/content/Docus/Informatik/Web-Development/JavaScript/,/Docus/Informatik/Web-Development/JavaScript/,https://jhc90.github.io/Docus/Informatik/Web-Development/JavaScript/05_JS_.html,,,https://jhc90.github.io/index.html
,C:/DocTool/content/Docus/Informatik/Web-Development/JavaScript/05_JS_Konditional.md,/Docus/Informatik/Web-Development/JavaScript/05_JS_Konditional.md,Tue Nov  3 05:19:38 2020,Tue Nov  3 05:19:38 2020,1387,6,[''],[''],,"['Docus', 'Informatik', 'Web-Development', 'JavaScript']",JavaScript,C:/DocTool/content/Docus/Informatik/Web-Development/JavaScript/,/Docus/Informatik/Web-Development/JavaScript/,https://jhc90.github.io/Docus/Informatik/Web-Development/JavaScript/05_JS_Konditional.html,,,https://jhc90.github.io/index.html
,C:/DocTool/content/Docus/Informatik/Web-Development/JavaScript/JS_Basics.md,/Docus/Informatik/Web-Development/JavaScript/JS_Basics.md,Tue Nov  3 05:19:38 2020,Tue Nov  3 05:19:38 2020,502,7,[''],[''],,"['Docus', 'Informatik', 'Web-Development', 'JavaScript']",JavaScript,C:/DocTool/content/Docus/Informatik/Web-Development/JavaScript/,/Docus/Informatik/Web-Development/JavaScript/,https://jhc90.github.io/Docus/Informatik/Web-Development/JavaScript/JS_Basics.html,,,https://jhc90.github.io/index.html
,C:/DocTool/content/Docus/Informatik/Web-Development/StaticWebsiteGeneratoren/00_Hugo_Start.md,/Docus/Informatik/Web-Development/StaticWebsiteGeneratoren/00_Hugo_Start.md,Tue Nov  3 05:19:38 2020,Tue Nov  3 05:19:38 2020,624,0,[''],[''],,"['Docus', 'Informatik', 'Web-Development', 'StaticWebsiteGeneratoren']",StaticWebsiteGeneratoren,C:/DocTool/content/Docus/Informatik/Web-Development/StaticWebsiteGeneratoren/,/Docus/Informatik/Web-Development/StaticWebsiteGeneratoren/,https://jhc90.github.io/Docus/Informatik/Web-Development/StaticWebsiteGeneratoren/00_Hugo_Start.html,,,https://jhc90.github.io/index.html
,C:/DocTool/content/Docus/Informatik/Web-Development/StaticWebsiteGeneratoren/xx_Documentation-ImportJavascript.md,/Docus/Informatik/Web-Development/StaticWebsiteGeneratoren/xx_Documentation-ImportJavascript.md,Tue Nov  3 05:19:38 2020,Tue Nov  3 05:19:38 2020,824,1,[''],[''],,"['Docus', 'Informatik', 'Web-Development', 'StaticWebsiteGeneratoren']",StaticWebsiteGeneratoren,C:/DocTool/content/Docus/Informatik/Web-Development/StaticWebsiteGeneratoren/,/Docus/Informatik/Web-Development/StaticWebsiteGeneratoren/,https://jhc90.github.io/Docus/Informatik/Web-Development/StaticWebsiteGeneratoren/xx_Documentation-ImportJavascript.html,,,https://jhc90.github.io/index.html
,C:/DocTool/content/Docus/Informatik/Web-Development/StaticWebsiteGeneratoren/hugo-menu-fuehrung.md,/Docus/Informatik/Web-Development/StaticWebsiteGeneratoren/hugo-menu-fuehrung.md,Tue Nov  3 05:19:38 2020,Tue Nov  3 05:19:38 2020,1660,2,[''],[''],,"['Docus', 'Informatik', 'Web-Development', 'StaticWebsiteGeneratoren']",StaticWebsiteGeneratoren,C:/DocTool/content/Docus/Informatik/Web-Development/StaticWebsiteGeneratoren/,/Docus/Informatik/Web-Development/StaticWebsiteGeneratoren/,https://jhc90.github.io/Docus/Informatik/Web-Development/StaticWebsiteGeneratoren/hugo-menu-fuehrung.html,,,https://jhc90.github.io/index.html
,C:/DocTool/content/Docus/Informatik/Web-Development/StaticWebsiteGeneratoren/hugo-images.md,/Docus/Informatik/Web-Development/StaticWebsiteGeneratoren/hugo-images.md,Tue Nov  3 05:19:38 2020,Tue Nov  3 05:19:38 2020,348,3,[''],[''],,"['Docus', 'Informatik', 'Web-Development', 'StaticWebsiteGeneratoren']",StaticWebsiteGeneratoren,C:/DocTool/content/Docus/Informatik/Web-Development/StaticWebsiteGeneratoren/,/Docus/Informatik/Web-Development/StaticWebsiteGeneratoren/,https://jhc90.github.io/Docus/Informatik/Web-Development/StaticWebsiteGeneratoren/hugo-images.html,,,https://jhc90.github.io/index.html
,C:/DocTool/content/Docus/Informatik/Web-Development/StaticWebsiteGeneratoren/14_Hugo_BlogPagination.md,/Docus/Informatik/Web-Development/StaticWebsiteGeneratoren/14_Hugo_BlogPagination.md,Tue Nov  3 05:19:38 2020,Tue Nov  3 05:19:38 2020,814,4,[''],[''],,"['Docus', 'Informatik', 'Web-Development', 'StaticWebsiteGeneratoren']",StaticWebsiteGeneratoren,C:/DocTool/content/Docus/Informatik/Web-Development/StaticWebsiteGeneratoren/,/Docus/Informatik/Web-Development/StaticWebsiteGeneratoren/,https://jhc90.github.io/Docus/Informatik/Web-Development/StaticWebsiteGeneratoren/14_Hugo_BlogPagination.html,,,https://jhc90.github.io/index.html
,C:/DocTool/content/Docus/Informatik/Web-Development/StaticWebsiteGeneratoren/14_Hugo_Blog.md,/Docus/Informatik/Web-Development/StaticWebsiteGeneratoren/14_Hugo_Blog.md,Tue Nov  3 05:19:38 2020,Tue Nov  3 05:19:38 2020,3536,5,[''],[''],,"['Docus', 'Informatik', 'Web-Development', 'StaticWebsiteGeneratoren']",StaticWebsiteGeneratoren,C:/DocTool/content/Docus/Informatik/Web-Development/StaticWebsiteGeneratoren/,/Docus/Informatik/Web-Development/StaticWebsiteGeneratoren/,https://jhc90.github.io/Docus/Informatik/Web-Development/StaticWebsiteGeneratoren/14_Hugo_Blog.html,,,https://jhc90.github.io/index.html
,C:/DocTool/content/Docus/Informatik/Web-Development/StaticWebsiteGeneratoren/13_Hugo_data.md,/Docus/Informatik/Web-Development/StaticWebsiteGeneratoren/13_Hugo_data.md,Tue Nov  3 05:19:38 2020,Tue Nov  3 05:19:38 2020,2310,6,[''],[''],,"['Docus', 'Informatik', 'Web-Development', 'StaticWebsiteGeneratoren']",StaticWebsiteGeneratoren,C:/DocTool/content/Docus/Informatik/Web-Development/StaticWebsiteGeneratoren/,/Docus/Informatik/Web-Development/StaticWebsiteGeneratoren/,https://jhc90.github.io/Docus/Informatik/Web-Development/StaticWebsiteGeneratoren/13_Hugo_data.html,,,https://jhc90.github.io/index.html
,C:/DocTool/content/Docus/Informatik/Web-Development/StaticWebsiteGeneratoren/12_Hugo_Special-Layout.md,/Docus/Informatik/Web-Development/StaticWebsiteGeneratoren/12_Hugo_Special-Layout.md,Tue Nov  3 05:19:38 2020,Tue Nov  3 05:19:38 2020,1807,7,[''],[''],,"['Docus', 'Informatik', 'Web-Development', 'StaticWebsiteGeneratoren']",StaticWebsiteGeneratoren,C:/DocTool/content/Docus/Informatik/Web-Development/StaticWebsiteGeneratoren/,/Docus/Informatik/Web-Development/StaticWebsiteGeneratoren/,https://jhc90.github.io/Docus/Informatik/Web-Development/StaticWebsiteGeneratoren/12_Hugo_Special-Layout.html,,,https://jhc90.github.io/index.html
,C:/DocTool/content/Docus/Informatik/Web-Development/StaticWebsiteGeneratoren/11_Hugo_List.Layout.md,/Docus/Informatik/Web-Development/StaticWebsiteGeneratoren/11_Hugo_List.Layout.md,Tue Nov  3 05:19:38 2020,Tue Nov  3 05:19:38 2020,1309,8,[''],[''],,"['Docus', 'Informatik', 'Web-Development', 'StaticWebsiteGeneratoren']",StaticWebsiteGeneratoren,C:/DocTool/content/Docus/Informatik/Web-Development/StaticWebsiteGeneratoren/,/Docus/Informatik/Web-Development/StaticWebsiteGeneratoren/,https://jhc90.github.io/Docus/Informatik/Web-Development/StaticWebsiteGeneratoren/11_Hugo_List.Layout.html,,,https://jhc90.github.io/index.html
,C:/DocTool/content/Docus/Informatik/Web-Development/StaticWebsiteGeneratoren/xx_Documentation-MenüFührung.md,/Docus/Informatik/Web-Development/StaticWebsiteGeneratoren/xx_Documentation-MenüFührung.md,Tue Nov  3 05:19:38 2020,Tue Nov  3 05:19:38 2020,6257,9,[''],[''],,"['Docus', 'Informatik', 'Web-Development', 'StaticWebsiteGeneratoren']",StaticWebsiteGeneratoren,C:/DocTool/content/Docus/Informatik/Web-Development/StaticWebsiteGeneratoren/,/Docus/Informatik/Web-Development/StaticWebsiteGeneratoren/,https://jhc90.github.io/Docus/Informatik/Web-Development/StaticWebsiteGeneratoren/xx_Documentation-MenüFührung.html,,,https://jhc90.github.io/index.html
,C:/DocTool/content/Docus/Informatik/Web-Development/StaticWebsiteGeneratoren/10_Hugo_Archetype.md,/Docus/Informatik/Web-Development/StaticWebsiteGeneratoren/10_Hugo_Archetype.md,Tue Nov  3 05:19:38 2020,Tue Nov  3 05:19:38 2020,748,10,[''],[''],,"['Docus', 'Informatik', 'Web-Development', 'StaticWebsiteGeneratoren']",StaticWebsiteGeneratoren,C:/DocTool/content/Docus/Informatik/Web-Development/StaticWebsiteGeneratoren/,/Docus/Informatik/Web-Development/StaticWebsiteGeneratoren/,https://jhc90.github.io/Docus/Informatik/Web-Development/StaticWebsiteGeneratoren/10_Hugo_Archetype.html,,,https://jhc90.github.io/index.html
,C:/DocTool/content/Docus/Informatik/Web-Development/StaticWebsiteGeneratoren/08_Hugo_ContentBlockPartials.md,/Docus/Informatik/Web-Development/StaticWebsiteGeneratoren/08_Hugo_ContentBlockPartials.md,Tue Nov  3 05:19:38 2020,Tue Nov  3 05:19:38 2020,2996,11,[''],[''],,"['Docus', 'Informatik', 'Web-Development', 'StaticWebsiteGeneratoren']",StaticWebsiteGeneratoren,C:/DocTool/content/Docus/Informatik/Web-Development/StaticWebsiteGeneratoren/,/Docus/Informatik/Web-Development/StaticWebsiteGeneratoren/,https://jhc90.github.io/Docus/Informatik/Web-Development/StaticWebsiteGeneratoren/08_Hugo_ContentBlockPartials.html,,,https://jhc90.github.io/index.html
,C:/DocTool/content/Docus/Informatik/Web-Development/StaticWebsiteGeneratoren/07_Hugo_Themes.md,/Docus/Informatik/Web-Development/StaticWebsiteGeneratoren/07_Hugo_Themes.md,Tue Nov  3 05:19:38 2020,Tue Nov  3 05:19:38 2020,1412,12,[''],[''],,"['Docus', 'Informatik', 'Web-Development', 'StaticWebsiteGeneratoren']",StaticWebsiteGeneratoren,C:/DocTool/content/Docus/Informatik/Web-Development/StaticWebsiteGeneratoren/,/Docus/Informatik/Web-Development/StaticWebsiteGeneratoren/,https://jhc90.github.io/Docus/Informatik/Web-Development/StaticWebsiteGeneratoren/07_Hugo_Themes.html,,,https://jhc90.github.io/index.html
,C:/DocTool/content/Docus/Informatik/Web-Development/StaticWebsiteGeneratoren/06_Deployment.md,/Docus/Informatik/Web-Development/StaticWebsiteGeneratoren/06_Deployment.md,Tue Nov  3 05:19:38 2020,Tue Nov  3 05:19:38 2020,390,13,[''],[''],,"['Docus', 'Informatik', 'Web-Development', 'StaticWebsiteGeneratoren']",StaticWebsiteGeneratoren,C:/DocTool/content/Docus/Informatik/Web-Development/StaticWebsiteGeneratoren/,/Docus/Informatik/Web-Development/StaticWebsiteGeneratoren/,https://jhc90.github.io/Docus/Informatik/Web-Development/StaticWebsiteGeneratoren/06_Deployment.html,,,https://jhc90.github.io/index.html
,C:/DocTool/content/Docus/Informatik/Web-Development/StaticWebsiteGeneratoren/05_Hugo_Front_Matter.md,/Docus/Informatik/Web-Development/StaticWebsiteGeneratoren/05_Hugo_Front_Matter.md,Tue Nov  3 05:19:38 2020,Tue Nov  3 05:19:38 2020,640,14,[''],[''],,"['Docus', 'Informatik', 'Web-Development', 'StaticWebsiteGeneratoren']",StaticWebsiteGeneratoren,C:/DocTool/content/Docus/Informatik/Web-Development/StaticWebsiteGeneratoren/,/Docus/Informatik/Web-Development/StaticWebsiteGeneratoren/,https://jhc90.github.io/Docus/Informatik/Web-Development/StaticWebsiteGeneratoren/05_Hugo_Front_Matter.html,,,https://jhc90.github.io/index.html
,C:/DocTool/content/Docus/Informatik/Web-Development/StaticWebsiteGeneratoren/04_Hugo_Layout.md,/Docus/Informatik/Web-Development/StaticWebsiteGeneratoren/04_Hugo_Layout.md,Tue Nov  3 05:19:38 2020,Tue Nov  3 05:19:38 2020,2815,15,[''],[''],,"['Docus', 'Informatik', 'Web-Development', 'StaticWebsiteGeneratoren']",StaticWebsiteGeneratoren,C:/DocTool/content/Docus/Informatik/Web-Development/StaticWebsiteGeneratoren/,/Docus/Informatik/Web-Development/StaticWebsiteGeneratoren/,https://jhc90.github.io/Docus/Informatik/Web-Development/StaticWebsiteGeneratoren/04_Hugo_Layout.html,,,https://jhc90.github.io/index.html
,C:/DocTool/content/Docus/Informatik/Web-Development/StaticWebsiteGeneratoren/03_Hugo_Config Toml.md,/Docus/Informatik/Web-Development/StaticWebsiteGeneratoren/03_Hugo_Config Toml.md,Tue Nov  3 05:19:38 2020,Tue Nov  3 05:19:38 2020,1003,16,[''],[''],,"['Docus', 'Informatik', 'Web-Development', 'StaticWebsiteGeneratoren']",StaticWebsiteGeneratoren,C:/DocTool/content/Docus/Informatik/Web-Development/StaticWebsiteGeneratoren/,/Docus/Informatik/Web-Development/StaticWebsiteGeneratoren/,https://jhc90.github.io/Docus/Informatik/Web-Development/StaticWebsiteGeneratoren/03_Hugo_Config Toml.html,,,https://jhc90.github.io/index.html
,C:/DocTool/content/Docus/Informatik/Web-Development/StaticWebsiteGeneratoren/02_Hugo_CreateSite.md,/Docus/Informatik/Web-Development/StaticWebsiteGeneratoren/02_Hugo_CreateSite.md,Tue Nov  3 05:19:38 2020,Tue Nov  3 05:19:38 2020,1478,17,[''],[''],,"['Docus', 'Informatik', 'Web-Development', 'StaticWebsiteGeneratoren']",StaticWebsiteGeneratoren,C:/DocTool/content/Docus/Informatik/Web-Development/StaticWebsiteGeneratoren/,/Docus/Informatik/Web-Development/StaticWebsiteGeneratoren/,https://jhc90.github.io/Docus/Informatik/Web-Development/StaticWebsiteGeneratoren/02_Hugo_CreateSite.html,,,https://jhc90.github.io/index.html
,C:/DocTool/content/Docus/Informatik/Web-Development/StaticWebsiteGeneratoren/01_Hugo_Installation.md,/Docus/Informatik/Web-Development/StaticWebsiteGeneratoren/01_Hugo_Installation.md,Tue Nov  3 05:19:38 2020,Tue Nov  3 05:19:38 2020,425,18,[''],[''],,"['Docus', 'Informatik', 'Web-Development', 'StaticWebsiteGeneratoren']",StaticWebsiteGeneratoren,C:/DocTool/content/Docus/Informatik/Web-Development/StaticWebsiteGeneratoren/,/Docus/Informatik/Web-Development/StaticWebsiteGeneratoren/,https://jhc90.github.io/Docus/Informatik/Web-Development/StaticWebsiteGeneratoren/01_Hugo_Installation.html,,,https://jhc90.github.io/index.html
,C:/DocTool/content/Docus/Informatik/Web-Development/StaticWebsiteGeneratoren/09_Hugo_Static.md,/Docus/Informatik/Web-Development/StaticWebsiteGeneratoren/09_Hugo_Static.md,Tue Nov  3 05:19:38 2020,Tue Nov  3 05:19:38 2020,698,19,[''],[''],,"['Docus', 'Informatik', 'Web-Development', 'StaticWebsiteGeneratoren']",StaticWebsiteGeneratoren,C:/DocTool/content/Docus/Informatik/Web-Development/StaticWebsiteGeneratoren/,/Docus/Informatik/Web-Development/StaticWebsiteGeneratoren/,https://jhc90.github.io/Docus/Informatik/Web-Development/StaticWebsiteGeneratoren/09_Hugo_Static.html,,,https://jhc90.github.io/index.html
,C:/DocTool/content/Docus/Informatik/Web-Development/StaticWebsiteGeneratoren/XX_hugo-Commands.md,/Docus/Informatik/Web-Development/StaticWebsiteGeneratoren/XX_hugo-Commands.md,Tue Nov  3 05:19:38 2020,Tue Nov  3 05:19:38 2020,1660,20,[''],[''],,"['Docus', 'Informatik', 'Web-Development', 'StaticWebsiteGeneratoren']",StaticWebsiteGeneratoren,C:/DocTool/content/Docus/Informatik/Web-Development/StaticWebsiteGeneratoren/,/Docus/Informatik/Web-Development/StaticWebsiteGeneratoren/,https://jhc90.github.io/Docus/Informatik/Web-Development/StaticWebsiteGeneratoren/XX_hugo-Commands.html,,,https://jhc90.github.io/index.html
,C:/DocTool/content/Docus/Informatik/Web-Development/StaticWebsiteGeneratoren/imgs/xx_Documentation.md,/Docus/Informatik/Web-Development/StaticWebsiteGeneratoren/imgs/xx_Documentation.md,Tue Nov  3 05:19:38 2020,Tue Nov  3 05:19:38 2020,4240,0,[''],[''],,"['Docus', 'Informatik', 'Web-Development', 'StaticWebsiteGeneratoren', 'imgs']",imgs,C:/DocTool/content/Docus/Informatik/Web-Development/StaticWebsiteGeneratoren/imgs/,/Docus/Informatik/Web-Development/StaticWebsiteGeneratoren/imgs/,https://jhc90.github.io/Docus/Informatik/Web-Development/StaticWebsiteGeneratoren/imgs/xx_Documentation.html,,,https://jhc90.github.io/index.html
,C:/DocTool/content/Docus/Mathe/Mathe-BigPicture.md,/Docus/Mathe/Mathe-BigPicture.md,Wed Nov  4 18:06:51 2020,Tue Nov  3 05:19:38 2020,508,0,[''],[''],,"['Docus', 'Mathe']",Mathe,C:/DocTool/content/Docus/Mathe/,/Docus/Mathe/,https://jhc90.github.io/Docus/Mathe/Mathe-BigPicture.html,,,https://jhc90.github.io/index.html
,C:/DocTool/content/Docus/Mathe/Regression/00_Implementierung.md,/Docus/Mathe/Regression/00_Implementierung.md,Wed Nov  4 17:59:16 2020,Wed Nov  4 17:59:16 2020,0,0,[''],[''],,"['Docus', 'Mathe', 'Regression']",Regression,C:/DocTool/content/Docus/Mathe/Regression/,/Docus/Mathe/Regression/,https://jhc90.github.io/Docus/Mathe/Regression/00_Implementierung.html,,0711202020-RegressionPerformance,https://jhc90.github.io/index.html
0711202020-RegressionPerformance,C:/DocTool/content/Docus/Mathe/Regression/10_PerformanceMeasure.md,/Docus/Mathe/Regression/10_PerformanceMeasure.md,Sat Nov  7 11:23:56 2020,Wed Nov  4 17:58:50 2020,2613,1,"['Regression', ' RMSE', ' MAE', ' MSE']","['Data-Science', ' Regression', ' RMSE', ' MAE', ' ']","Auf dieser Page betrachten wir die Mögölichkeiten Regressions Fragestellungen zu messen. Dabei betrachten wir MAE, MSE und RMSE ","['Docus', 'Mathe', 'Regression']",Regression,C:/DocTool/content/Docus/Mathe/Regression/,/Docus/Mathe/Regression/,https://jhc90.github.io/Docus/Mathe/Regression/10_PerformanceMeasure.html,,,https://jhc90.github.io/index.html
07112020200718-002,C:/DocTool/content/Docus/Mathe/Stochastik/ExampleFile2.md,/Docus/Mathe/Stochastik/ExampleFile2.md,Sat Nov  7 07:51:52 2020,Sat Nov  7 05:54:11 2020,330,0,['Example'],"['index', ' welcome', ' nonDocu']",Hier die individuelle Beschreibung der Index-Seite aus dem Frontmatter,"['Docus', 'Mathe', 'Stochastik']",Stochastik,C:/DocTool/content/Docus/Mathe/Stochastik/,/Docus/Mathe/Stochastik/,https://jhc90.github.io/Docus/Mathe/Stochastik/ExampleFile2.html,,,https://jhc90.github.io/index.html
,C:/DocTool/content/Projekte/00_Doc-Tool/00_Doctool.md,/Projekte/00_Doc-Tool/00_Doctool.md,Tue Nov  3 05:19:38 2020,Tue Nov  3 05:19:38 2020,1250,0,[''],[''],,"['Projekte', '00_Doc-Tool']",00_Doc-Tool,C:/DocTool/content/Projekte/00_Doc-Tool/,/Projekte/00_Doc-Tool/,https://jhc90.github.io/Projekte/00_Doc-Tool/00_Doctool.html,,,https://jhc90.github.io/index.html
,C:/DocTool/content/Projekte/00_Doc-Tool/xx_BeispielSeite.md,/Projekte/00_Doc-Tool/xx_BeispielSeite.md,Tue Nov  3 05:19:38 2020,Tue Nov  3 05:19:38 2020,1879,1,['Beispiel Implementierungen von Markdown und Web Inhalten für den Test'],['Example'],Example,"['Projekte', '00_Doc-Tool']",00_Doc-Tool,C:/DocTool/content/Projekte/00_Doc-Tool/,/Projekte/00_Doc-Tool/,https://jhc90.github.io/Projekte/00_Doc-Tool/xx_BeispielSeite.html,,,https://jhc90.github.io/index.html
,C:/DocTool/content/Projekte/00_Doc-Tool/Ideen-Container/15_CreateLocalInfoDF.md,/Projekte/00_Doc-Tool/Ideen-Container/15_CreateLocalInfoDF.md,Mon Nov  9 13:05:14 2020,Sun Nov  8 06:22:35 2020,322584,0,[''],[''],,"['Projekte', '00_Doc-Tool', 'Ideen-Container']",Ideen-Container,C:/DocTool/content/Projekte/00_Doc-Tool/Ideen-Container/,/Projekte/00_Doc-Tool/Ideen-Container/,https://jhc90.github.io/Projekte/00_Doc-Tool/Ideen-Container/15_CreateLocalInfoDF.html,,07112020200718-Doctool-Idee1,https://jhc90.github.io/index.html
07112020200718-Doctool-Idee1,C:/DocTool/content/Projekte/00_Doc-Tool/Ideen-Container/00_SwitchMarkdownHtml copy 2.md,/Projekte/00_Doc-Tool/Ideen-Container/00_SwitchMarkdownHtml copy 2.md,Sat Nov  7 13:41:02 2020,Tue Nov  3 05:19:38 2020,535,1,['Doctool'],[''],default,"['Projekte', '00_Doc-Tool', 'Ideen-Container']",Ideen-Container,C:/DocTool/content/Projekte/00_Doc-Tool/Ideen-Container/,/Projekte/00_Doc-Tool/Ideen-Container/,https://jhc90.github.io/Projekte/00_Doc-Tool/Ideen-Container/00_SwitchMarkdownHtml copy 2.html,,07112020200718-Doctool-Idee2,https://jhc90.github.io/index.html
07112020200718-Doctool-Idee2,C:/DocTool/content/Projekte/00_Doc-Tool/Ideen-Container/01-DocTools-JPYNB-HTML-Converter copy.md,/Projekte/00_Doc-Tool/Ideen-Container/01-DocTools-JPYNB-HTML-Converter copy.md,Sat Nov  7 13:41:06 2020,Tue Nov  3 15:35:23 2020,1436,2,['Doctool'],[''],default,"['Projekte', '00_Doc-Tool', 'Ideen-Container']",Ideen-Container,C:/DocTool/content/Projekte/00_Doc-Tool/Ideen-Container/,/Projekte/00_Doc-Tool/Ideen-Container/,https://jhc90.github.io/Projekte/00_Doc-Tool/Ideen-Container/01-DocTools-JPYNB-HTML-Converter copy.html,07112020200718-Doctool-Idee1,07112020200718-Doctool-Idee10,https://jhc90.github.io/index.html
07112020200718-Doctool-Idee10,C:/DocTool/content/Projekte/00_Doc-Tool/Ideen-Container/10_ImplementierungCodSnipplets.md,/Projekte/00_Doc-Tool/Ideen-Container/10_ImplementierungCodSnipplets.md,Sat Nov  7 13:41:29 2020,Tue Nov  3 05:19:38 2020,493,3,['Doctool'],[''],default,"['Projekte', '00_Doc-Tool', 'Ideen-Container']",Ideen-Container,C:/DocTool/content/Projekte/00_Doc-Tool/Ideen-Container/,/Projekte/00_Doc-Tool/Ideen-Container/,https://jhc90.github.io/Projekte/00_Doc-Tool/Ideen-Container/10_ImplementierungCodSnipplets.html,07112020200718-Doctool-Idee2,07112020200718-Doctool-Idee12,https://jhc90.github.io/index.html
07112020200718-Doctool-Idee12,C:/DocTool/content/Projekte/00_Doc-Tool/Ideen-Container/12_Tags&Categories.md,/Projekte/00_Doc-Tool/Ideen-Container/12_Tags&Categories.md,Sat Nov  7 13:41:36 2020,Tue Nov  3 05:19:38 2020,522,4,['Doctool'],[''],default,"['Projekte', '00_Doc-Tool', 'Ideen-Container']",Ideen-Container,C:/DocTool/content/Projekte/00_Doc-Tool/Ideen-Container/,/Projekte/00_Doc-Tool/Ideen-Container/,https://jhc90.github.io/Projekte/00_Doc-Tool/Ideen-Container/12_Tags&Categories.html,07112020200718-Doctool-Idee10,07112020200718-Doctool-Idee3,https://jhc90.github.io/index.html
07112020200718-Doctool-Idee3,C:/DocTool/content/Projekte/00_Doc-Tool/Ideen-Container/02-publishContentsRemote.md,/Projekte/00_Doc-Tool/Ideen-Container/02-publishContentsRemote.md,Sat Nov  7 13:41:11 2020,Tue Nov  3 05:19:38 2020,1335,5,['Doctool'],[''],default,"['Projekte', '00_Doc-Tool', 'Ideen-Container']",Ideen-Container,C:/DocTool/content/Projekte/00_Doc-Tool/Ideen-Container/,/Projekte/00_Doc-Tool/Ideen-Container/,https://jhc90.github.io/Projekte/00_Doc-Tool/Ideen-Container/02-publishContentsRemote.html,07112020200718-Doctool-Idee12,07112020200718-Doctool-Idee4,https://jhc90.github.io/index.html
07112020200718-Doctool-Idee4,C:/DocTool/content/Projekte/00_Doc-Tool/Ideen-Container/03_hotfix_transformationScript.md,/Projekte/00_Doc-Tool/Ideen-Container/03_hotfix_transformationScript.md,Sat Nov  7 13:41:14 2020,Tue Nov  3 16:04:51 2020,1182,6,['Doctool'],[''],default,"['Projekte', '00_Doc-Tool', 'Ideen-Container']",Ideen-Container,C:/DocTool/content/Projekte/00_Doc-Tool/Ideen-Container/,/Projekte/00_Doc-Tool/Ideen-Container/,https://jhc90.github.io/Projekte/00_Doc-Tool/Ideen-Container/03_hotfix_transformationScript.html,07112020200718-Doctool-Idee3,07112020200718-Doctool-Idee5,https://jhc90.github.io/index.html
07112020200718-Doctool-Idee5,C:/DocTool/content/Projekte/00_Doc-Tool/Ideen-Container/04-Dev-AddfurtherRepo.md,/Projekte/00_Doc-Tool/Ideen-Container/04-Dev-AddfurtherRepo.md,Sat Nov  7 13:41:18 2020,Tue Nov  3 16:30:48 2020,1010,7,['Doctool'],[''],default,"['Projekte', '00_Doc-Tool', 'Ideen-Container']",Ideen-Container,C:/DocTool/content/Projekte/00_Doc-Tool/Ideen-Container/,/Projekte/00_Doc-Tool/Ideen-Container/,https://jhc90.github.io/Projekte/00_Doc-Tool/Ideen-Container/04-Dev-AddfurtherRepo.html,07112020200718-Doctool-Idee4,07112020200718-Doctool-Idee6,https://jhc90.github.io/index.html
07112020200718-Doctool-Idee6,C:/DocTool/content/Projekte/00_Doc-Tool/Ideen-Container/05_LinkingDoctool.md,/Projekte/00_Doc-Tool/Ideen-Container/05_LinkingDoctool.md,Sat Nov  7 13:41:21 2020,Sat Nov  7 05:44:56 2020,1324,8,['Doctool'],[''],default,"['Projekte', '00_Doc-Tool', 'Ideen-Container']",Ideen-Container,C:/DocTool/content/Projekte/00_Doc-Tool/Ideen-Container/,/Projekte/00_Doc-Tool/Ideen-Container/,https://jhc90.github.io/Projekte/00_Doc-Tool/Ideen-Container/05_LinkingDoctool.html,07112020200718-Doctool-Idee5,07112020200718-Doctool-Idee8,https://jhc90.github.io/index.html
07112020200718-Doctool-Idee8,C:/DocTool/content/Projekte/00_Doc-Tool/Ideen-Container/08_PublishLocalRemote.md,/Projekte/00_Doc-Tool/Ideen-Container/08_PublishLocalRemote.md,Sat Nov  7 13:41:25 2020,Tue Nov  3 05:19:38 2020,490,9,['Doctool'],[''],default,"['Projekte', '00_Doc-Tool', 'Ideen-Container']",Ideen-Container,C:/DocTool/content/Projekte/00_Doc-Tool/Ideen-Container/,/Projekte/00_Doc-Tool/Ideen-Container/,https://jhc90.github.io/Projekte/00_Doc-Tool/Ideen-Container/08_PublishLocalRemote.html,07112020200718-Doctool-Idee6,,https://jhc90.github.io/index.html
07112020200718-KonzeptProgrammieren-ProjektLanding,C:/DocTool/content/Projekte/10_Konzeptionelles-Programmieren/00_KonzeptionellesProgrammierenLandingpage.md,/Projekte/10_Konzeptionelles-Programmieren/00_KonzeptionellesProgrammierenLandingpage.md,Sat Nov  7 13:34:55 2020,Tue Nov  3 05:19:38 2020,1497,0,['KonzeptionellesProgrammieren'],[''],default,"['Projekte', '10_Konzeptionelles-Programmieren']",10_Konzeptionelles-Programmieren,C:/DocTool/content/Projekte/10_Konzeptionelles-Programmieren/,/Projekte/10_Konzeptionelles-Programmieren/,https://jhc90.github.io/Projekte/10_Konzeptionelles-Programmieren/00_KonzeptionellesProgrammierenLandingpage.html,,,https://jhc90.github.io/index.html
07112020200718-KonzeptionellesProgrammieren,C:/DocTool/content/Projekte/10_Konzeptionelles-Programmieren/Ideen-Container/01_ImplementierungCodSnipplets.md,/Projekte/10_Konzeptionelles-Programmieren/Ideen-Container/01_ImplementierungCodSnipplets.md,Sat Nov  7 13:34:03 2020,Tue Nov  3 05:19:38 2020,835,0,['Programmieren'],[''],default,"['Projekte', '10_Konzeptionelles-Programmieren', 'Ideen-Container']",Ideen-Container,C:/DocTool/content/Projekte/10_Konzeptionelles-Programmieren/Ideen-Container/,/Projekte/10_Konzeptionelles-Programmieren/Ideen-Container/,https://jhc90.github.io/Projekte/10_Konzeptionelles-Programmieren/Ideen-Container/01_ImplementierungCodSnipplets.html,,,https://jhc90.github.io/index.html
